Workbook

Sheet table
J2: Sequential Logit regression (Mulieris)
K3: T1(high school) | O3: T2(Jr./Tech collage) | S3: T3(4-year collage/University)
K4: coef. | L4: s.e. | O4: coef. | P4: s.e. | S4: coef. | T4: s.e.
D5: {=Sheet1!I5:I25} -> 兄弟数 | E5: {=_xlfn.CHOOSECOLS(Sheet1!C5:F67,1,2,4)} -> -0.20293964 | F5: 0.025371019 | G5: 1.255599e-15 | H5: {=_xlfn.IFS(G5:G67=0,"",G5:G67<0.01,"**",G5:G67<0.05,"*",G5:G67<0.1,"†",G5:G67>=0.1,"")} -> ** | J5: sibs | K5: {=E5:F25} -> -0.20293964 | L5: 0.025371019 | M5: {=H5:H25} -> ** | O5: {=E26:F46} -> -0.10705059 | P5: 0.026622535 | Q5: {=H26:H46} -> ** | S5: {=E47:F67} -> -0.35423861 | T5: 0.045247729 | U5: {=H47:H67} -> **
D6: 父中卒ref | E6: 0 | F6: 0 | G6: 0 | J6: father's educ (ref. compulsory) | K6: 0 | L6: 0 | O6: 0 | P6: 0 | S6: 0 | T6: 0
D7: 父高卒 | E7: 1.0640685 | F7: 0.13351571 | G7: 1.5917172e-15 | H7: ** | J7: Jr.high | K7: 1.0640685 | L7: 0.13351571 | M7: ** | O7: 0.50504807 | P7: 0.07554872 | Q7: ** | S7: 0.89097273 | T7: 0.12334309 | U7: **
D8: 父大卒 | E8: 1.4580361 | F8: 0.23472685 | G8: 5.2438177e-10 | H8: ** | J8: Tertially | K8: 1.4580361 | L8: 0.23472685 | M8: ** | O8: 0.91744533 | P8: 0.10279621 | Q8: ** | S8: 2.0344063 | T8: 0.13738748 | U8: **
D9: 世代40s ref | E9: 0 | F9: 0 | G9: 0 | J9: Birth cohort (ref. 1940s) | K9: 0 | L9: 0 | O9: 0 | P9: 0 | S9: 0 | T9: 0
D10: 50s | E10: 1.629385 | F10: 0.14093583 | G10: 6.4808968e-31 | H10: ** | J10: 1950s | K10: 1.629385 | L10: 0.14093583 | M10: ** | O10: 0.67173992 | P10: 0.10785464 | Q10: ** | S10: 0.75076024 | T10: 0.1764832 | U10: **
D11: 60s | E11: 2.8741958 | F11: 0.28132582 | G11: 1.6708422e-24 | H11: ** | J11: 1960s | K11: 2.8741958 | L11: 0.28132582 | M11: ** | O11: 0.79861247 | P11: 0.12595448 | Q11: ** | S11: 0.80611368 | T11: 0.20563776 | U11: **
D12: 70s | E12: 2.3913043 | F12: 0.27660405 | G12: 5.3699209e-18 | H12: ** | J12: 1970s | K12: 2.3913043 | L12: 0.27660405 | M12: ** | O12: 1.0819615 | P12: 0.14607534 | Q12: ** | S12: 1.2960162 | T12: 0.24341605 | U12: **
D13: 80-90s | E13: 2.4848283 | F13: 0.3906858 | G13: 2.015301e-10 | H13: ** | J13: 1980s~ | K13: 2.4848283 | L13: 0.3906858 | M13: ** | O13: 1.0205309 | P13: 0.18033147 | Q13: ** | S13: 1.6595199 | T13: 0.29306539 | U13: **
D14: 0 | E14: 0 | F14: 0 | G14: 0 | K14: 0 | L14: 0 | O14: 0 | P14: 0 | S14: 0 | T14: 0
D15: EGP I+II | E15: 3.0025493 | F15: 1.3989822 | G15: 0.031853962 | H15: * | J15: Father's EGP I+II | K15: 3.0025493 | L15: 1.3989822 | M15: * | O15: 1.221553 | P15: 0.40084351 | Q15: ** | S15: 1.0874637 | T15: 0.58574701 | U15: †
D16: IIIab | E16: 0.25615819 | F16: 1.220349 | G16: 0.83374128 | J16: IIIab | K16: 0.25615819 | L16: 1.220349 | O16: 0.90053981 | P16: 0.48923714 | Q16: † | S16: 0.83038307 | T16: 0.70711391
D17: IVab | E17: 1.6322587 | F17: 0.58501282 | G17: 0.0052687737 | H17: ** | J17: Ivab | K17: 1.6322587 | L17: 0.58501282 | M17: ** | O17: 1.2391525 | P17: 0.39862913 | Q17: ** | S17: 1.4998775 | T17: 0.65679067 | U17: *
D18: V+VI+VIIab+IVc | E18: 0 | F18: 0 | G18: 0 | J18: V+VI+VIIab (ref.) | K18: 0 | L18: 0 | O18: 0 | P18: 0 | S18: 0 | T18: 0
D19: job+abs | E19: 0.75071677 | F19: 0.55866729 | G19: 0.17902484 | J19: nojob,abs | K19: 0.75071677 | L19: 0.55866729 | O19: 1.134172 | P19: 0.5015904 | Q19: * | S19: 1.5296554 | T19: 0.76778093 | U19: *
D20: 世代× I+II | E20: -0.15880867 | F20: 0.30548084 | G20: 0.60315795 | J20: cohort * I+II | K20: -0.15880867 | L20: 0.30548084 | O20: -0.065995648 | P20: 0.068573373 | S20: 0.063982224 | T20: 0.092258944
D21: IIIab | E21: 0.1659776 | F21: 0.27636959 | G21: 0.54813047 | J21: cohort * IIIab | K21: 0.1659776 | L21: 0.27636959 | O21: -0.054119504 | P21: 0.08083522 | S21: 0.050927532 | T21: 0.10920856
D22: IVab | E22: -0.25659291 | F22: 0.12826466 | G22: 0.045446758 | H22: * | J22: cohort *Ivab | K22: -0.25659291 | L22: 0.12826466 | M22: * | O22: -0.14001248 | P22: 0.068335421 | Q22: * | S22: -0.12572664 | T22: 0.10428177
D23: V+VI+VIIab+IVc | E23: 0 | F23: 0 | G23: 0 | J23: cohort *V+VI+VIIab (ref.) | K23: 0 | L23: 0 | O23: 0 | P23: 0 | S23: 0 | T23: 0
D24: job+abs | E24: -0.28396893 | F24: 0.12067339 | G24: 0.01861249 | H24: * | J24: cohort* nojob,abs | K24: -0.28396893 | L24: 0.12067339 | M24: * | O24: -0.23753407 | P24: 0.085642695 | Q24: ** | S24: -0.23558862 | T24: 0.12064671 | U24: †
D25: 定数 | E25: 1.2230767 | F25: 0.14145369 | G25: 5.3111876e-18 | H25: ** | J25: _cons | K25: 1.2230767 | L25: 0.14145369 | M25: ** | O25: -1.3405642 | P25: 0.1522716 | Q25: ** | S25: -2.5312384 | T25: 0.264643 | U25: **
D26: {=[1]Sheet1!I26:I46} -> 兄弟数 | E26: -0.10705059 | F26: 0.026622535 | G26: 5.7938923e-05 | H26: ** | J26: N of First Transition | L26: =Sheet1!C2 -> 6232
D27: 父中卒ref | E27: 0 | F27: 0 | G27: 0 | J27: N of Second Transition | L27: =Sheet1!D2 -> 5502
D28: 父高卒 | E28: 0.50504807 | F28: 0.07554872 | G28: 2.3082278e-11 | H28: ** | J28: Log-likelihood | L28: =Sheet1!C3+Sheet1!D3 -> -6399.7078
D29: 父大卒 | E29: 0.91744533 | F29: 0.10279621 | G29: 4.4612441e-19 | H29: ** | J29: BIC | L29: =L28*-2+LN(L27+L26) -> 12808.786
D30: 世代40s ref | E30: 0 | F30: 0 | G30: 0
D31: 50s | E31: 0.67173992 | F31: 0.10785464 | G31: 4.7183425e-10 | H31: **
D32: 60s | E32: 0.79861247 | F32: 0.12595448 | G32: 2.2904344e-10 | H32: **
D33: 70s | E33: 1.0819615 | F33: 0.14607534 | G33: 1.2931189e-13 | H33: **
D34: 80-90s | E34: 1.0205309 | F34: 0.18033147 | G34: 1.5208515e-08 | H34: **
D35: 0 | E35: 0 | F35: 0 | G35: 0
D36: EGP I+II | E36: 1.221553 | F36: 0.40084351 | G36: 0.0023078722 | H36: **
D37: IIIab | E37: 0.90053981 | F37: 0.48923714 | G37: 0.065665232 | H37: †
D38: IVab | E38: 1.2391525 | F38: 0.39862913 | G38: 0.001880176 | H38: **
D39: V+VI+VIIab+IVc | E39: 0 | F39: 0 | G39: 0
D40: job+abs | E40: 1.134172 | F40: 0.5015904 | G40: 0.023749867 | H40: *
D41: 世代× I+II | E41: -0.065995648 | F41: 0.068573373 | G41: 0.33584407
D42: IIIab | E42: -0.054119504 | F42: 0.08083522 | G42: 0.50317402
D43: IVab | E43: -0.14001248 | F43: 0.068335421 | G43: 0.040471838 | H43: *
D44: V+VI+VIIab+IVc | E44: 0 | F44: 0 | G44: 0
D45: job+abs | E45: -0.23753407 | F45: 0.085642695 | G45: 0.0055448761 | H45: **
D46: 定数 | E46: -1.3405642 | F46: 0.1522716 | G46: 1.3229476e-18 | H46: **
D47: {=[1]Sheet1!I47:I67} -> 兄弟数 | E47: -0.35423861 | F47: 0.045247729 | G47: 4.9227182e-15 | H47: **
D48: 父中卒ref | E48: 0 | F48: 0 | G48: 0
D49: 父高卒 | E49: 0.89097273 | F49: 0.12334309 | G49: 5.0654422e-13 | H49: **
D50: 父大卒 | E50: 2.0344063 | F50: 0.13738748 | G50: 1.3044037e-49 | H50: **
D51: 世代40s ref | E51: 0 | F51: 0 | G51: 0
D52: 50s | E52: 0.75076024 | F52: 0.1764832 | G52: 2.0998141e-05 | H52: **
D53: 60s | E53: 0.80611368 | F53: 0.20563776 | G53: 8.8524572e-05 | H53: **
D54: 70s | E54: 1.2960162 | F54: 0.24341605 | G54: 1.0135135e-07 | H54: **
D55: 80-90s | E55: 1.6595199 | F55: 0.29306539 | G55: 1.4907314e-08 | H55: **
D56: 0 | E56: 0 | F56: 0 | G56: 0
D57: EGP I+II | E57: 1.0874637 | F57: 0.58574701 | G57: 0.063376403 | H57: †
D58: IIIab | E58: 0.83038307 | F58: 0.70711391 | G58: 0.24026401
D59: IVab | E59: 1.4998775 | F59: 0.65679067 | G59: 0.022392337 | H59: *
D60: V+VI+VIIab+IVc | E60: 0 | F60: 0 | G60: 0
D61: job+abs | E61: 1.5296554 | F61: 0.76778093 | G61: 0.046337371 | H61: *
D62: 世代× I+II | E62: 0.063982224 | F62: 0.092258944 | G62: 0.48799143
D63: IIIab | E63: 0.050927532 | F63: 0.10920856 | G63: 0.6409773
D64: IVab | E64: -0.12572664 | F64: 0.10428177 | G64: 0.22795496
D65: V+VI+VIIab+IVc | E65: 0 | F65: 0 | G65: 0
D66: job+abs | E66: -0.23558862 | F66: 0.12064671 | G66: 0.050853392 | H66: †
D67: 定数 | E67: -2.5312384 | F67: 0.264643 | G67: 1.1249645e-21 | H67: **

Sheet Sheet1
A1: FEMALE | H1: =C22*8+C17 -> -0.42048458 | J1: 1 | Q1: 2 | X1: 3 | AE1: 4
B2: N= | C2: 6232 | D2: 5502
B3: N= | C3: -1536.1391 | D3: -4863.5686 | J3: 4 | K3: 5 | L3: 6 | M3: 7 | N3: 8 | O3: 9 | Q3: 4 | R3: 5 | S3: 6 | T3: 7 | U3: 8 | V3: 9 | X3: 4 | Y3: 5 | Z3: 6 | AA3: 7 | AB3: 8 | AC3: 9 | AE3: 4 | AF3: 5 | AG3: 6 | AH3: 7 | AI3: 8 | AJ3: 9
C4: b | D4: se | E4: z | F4: pvalue
A5: trans1 | B5: sibs | C5: -0.20293964 | D5: 0.025371019 | E5: -7.9988762 | F5: 1.255599e-15 | I5: 兄弟数 | J5: 2 | K5: 2 | L5: 2 | M5: 2 | N5: 2 | O5: 2 | Q5: 2 | R5: 2 | S5: 2 | T5: 2 | U5: 2 | V5: 2 | X5: 2 | Y5: 2 | Z5: 2 | AA5: 2 | AB5: 2 | AC5: 2 | AE5: 2 | AF5: 2 | AG5: 2 | AH5: 2 | AI5: 2 | AJ5: 2
A6: trans1 | B6: 1b.mutate_edu | C6: 0 | I6: 父中卒ref | J6: 0 | K6: 0 | L6: 0 | M6: 0 | N6: 0 | O6: 0 | Q6: 0 | R6: 0 | S6: 0 | T6: 0 | U6: 0 | V6: 0 | X6: 0 | Y6: 0 | Z6: 0 | AA6: 0 | AB6: 0 | AC6: 0 | AE6: 0 | AF6: 0 | AG6: 0 | AH6: 0 | AI6: 0 | AJ6: 0
A7: trans1 | B7: 2.mutate_edu | C7: 1.0640685 | D7: 0.13351571 | E7: 7.9696132 | F7: 1.5917172e-15 | I7: 父高卒 | J7: 0 | K7: 0 | L7: 0 | M7: 0 | N7: 0 | O7: 0 | Q7: 0 | R7: 0 | S7: 0 | T7: 0 | U7: 0 | V7: 0 | X7: 0 | Y7: 0 | Z7: 0 | AA7: 0 | AB7: 0 | AC7: 0 | AE7: 0 | AF7: 0 | AG7: 0 | AH7: 0 | AI7: 0 | AJ7: 0
A8: trans1 | B8: 3.mutate_edu | C8: 1.4580361 | D8: 0.23472685 | E8: 6.2116288 | F8: 5.2438177e-10 | I8: 父大卒 | J8: 1 | K8: 1 | L8: 1 | M8: 1 | N8: 1 | O8: 1 | Q8: 1 | R8: 1 | S8: 1 | T8: 1 | U8: 1 | V8: 1 | X8: 1 | Y8: 1 | Z8: 1 | AA8: 1 | AB8: 1 | AC8: 1 | AE8: 1 | AF8: 1 | AG8: 1 | AH8: 1 | AI8: 1 | AJ8: 1
A9: trans1 | B9: 4b.pcoh5 | C9: 0 | I9: 世代40s ref | J9: {=_xlfn.MUNIT(5)} -> 1 | K9: 0 | L9: 0 | M9: 0 | N9: 0 | Q9: {=_xlfn.MUNIT(5)} -> 1 | R9: 0 | S9: 0 | T9: 0 | U9: 0 | X9: {=_xlfn.MUNIT(5)} -> 1 | Y9: 0 | Z9: 0 | AA9: 0 | AB9: 0 | AE9: {=_xlfn.MUNIT(5)} -> 1 | AF9: 0 | AG9: 0 | AH9: 0 | AI9: 0
A10: trans1 | B10: 5.pcoh5 | C10: 1.629385 | D10: 0.14093583 | E10: 11.561184 | F10: 6.4808968e-31 | I10: 50s | J10: 0 | K10: 1 | L10: 0 | M10: 0 | N10: 0 | Q10: 0 | R10: 1 | S10: 0 | T10: 0 | U10: 0 | X10: 0 | Y10: 1 | Z10: 0 | AA10: 0 | AB10: 0 | AE10: 0 | AF10: 1 | AG10: 0 | AH10: 0 | AI10: 0
A11: trans1 | B11: 6.pcoh5 | C11: 2.8741958 | D11: 0.28132582 | E11: 10.216609 | F11: 1.6708422e-24 | I11: 60s | J11: 0 | K11: 0 | L11: 1 | M11: 0 | N11: 0 | Q11: 0 | R11: 0 | S11: 1 | T11: 0 | U11: 0 | X11: 0 | Y11: 0 | Z11: 1 | AA11: 0 | AB11: 0 | AE11: 0 | AF11: 0 | AG11: 1 | AH11: 0 | AI11: 0
A12: trans1 | B12: 7.pcoh5 | C12: 2.3913043 | D12: 0.27660405 | E12: 8.6452254 | F12: 5.3699209e-18 | I12: 70s | J12: 0 | K12: 0 | L12: 0 | M12: 1 | N12: 0 | Q12: 0 | R12: 0 | S12: 0 | T12: 1 | U12: 0 | X12: 0 | Y12: 0 | Z12: 0 | AA12: 1 | AB12: 0 | AE12: 0 | AF12: 0 | AG12: 0 | AH12: 1 | AI12: 0
A13: trans1 | B13: 8.pcoh5 | C13: 2.4848283 | D13: 0.3906858 | E13: 6.3601704 | F13: 2.015301e-10 | I13: 80-90s | J13: 0 | K13: 0 | L13: 0 | M13: 0 | N13: 1 | O13: 1 | Q13: 0 | R13: 0 | S13: 0 | T13: 0 | U13: 1 | V13: 1 | X13: 0 | Y13: 0 | Z13: 0 | AA13: 0 | AB13: 1 | AC13: 1 | AE13: 0 | AF13: 0 | AG13: 0 | AH13: 0 | AI13: 1 | AJ13: 1
A14: trans1 | B14: o.pcoh5 | C14: 0
A15: trans1 | B15: 1.fegp4 | C15: 3.0025493 | D15: 1.3989822 | E15: 2.1462384 | F15: 0.031853962 | I15: EGP I+II | J15: 1 | K15: 1 | L15: 1 | M15: 1 | N15: 1 | O15: 1 | Q15: 0 | R15: 0 | S15: 0 | T15: 0 | U15: 0 | V15: 0 | X15: 0 | Y15: 0 | Z15: 0 | AA15: 0 | AB15: 0 | AC15: 0 | AE15: 0 | AF15: 0 | AG15: 0 | AH15: 0 | AI15: 0 | AJ15: 0
A16: trans1 | B16: 2.fegp4 | C16: 0.25615819 | D16: 1.220349 | E16: 0.20990569 | F16: 0.83374128 | I16: IIIab | J16: 0 | K16: 0 | L16: 0 | M16: 0 | N16: 0 | O16: 0 | Q16: 1 | R16: 1 | S16: 1 | T16: 1 | U16: 1 | V16: 1 | X16: 0 | Y16: 0 | Z16: 0 | AA16: 0 | AB16: 0 | AC16: 0 | AE16: 0 | AF16: 0 | AG16: 0 | AH16: 0 | AI16: 0 | AJ16: 0
A17: trans1 | B17: 3.fegp4 | C17: 1.6322587 | D17: 0.58501282 | E17: 2.7901247 | F17: 0.0052687737 | I17: IVab | J17: 0 | K17: 0 | L17: 0 | M17: 0 | N17: 0 | O17: 0 | Q17: 0 | R17: 0 | S17: 0 | T17: 0 | U17: 0 | V17: 0 | X17: 1 | Y17: 1 | Z17: 1 | AA17: 1 | AB17: 1 | AC17: 1 | AE17: 0 | AF17: 0 | AG17: 0 | AH17: 0 | AI17: 0 | AJ17: 0
A18: trans1 | B18: 4b.fegp4 | C18: 0 | I18: V+VI+VIIab+IVc | J18: 0 | K18: 0 | L18: 0 | M18: 0 | N18: 0 | O18: 0 | Q18: 0 | R18: 0 | S18: 0 | T18: 0 | U18: 0 | V18: 0 | X18: 0 | Y18: 0 | Z18: 0 | AA18: 0 | AB18: 0 | AC18: 0 | AE18: 1 | AF18: 1 | AG18: 1 | AH18: 1 | AI18: 1 | AJ18: 1
A19: trans1 | B19: 5.fegp4 | C19: 0.75071677 | D19: 0.55866729 | E19: 1.3437636 | F19: 0.17902484 | I19: job+abs | J19: 0 | K19: 0 | L19: 0 | M19: 0 | N19: 0 | O19: 0 | Q19: 0 | R19: 0 | S19: 0 | T19: 0 | U19: 0 | V19: 0 | X19: 0 | Y19: 0 | Z19: 0 | AA19: 0 | AB19: 0 | AC19: 0 | AE19: 0 | AF19: 0 | AG19: 0 | AH19: 0 | AI19: 0 | AJ19: 0
A20: trans1 | B20: 1.fegp4#c.pcoh5 | C20: -0.15880867 | D20: 0.30548084 | E20: -0.5198646 | F20: 0.60315795 | I20: 世代× I+II | J20: =J15*J$3 -> 4 | K20: =K15*K$3 -> 5 | L20: =L15*L$3 -> 6 | M20: =M15*M$3 -> 7 | N20: =N15*N$3 -> 8 | O20: =O15*O$3 -> 9 | Q20: =Q15*Q$3 -> 0 | R20: =R15*R$3 -> 0 | S20: =S15*S$3 -> 0 | T20: =T15*T$3 -> 0 | U20: =U15*U$3 -> 0 | V20: =V15*V$3 -> 0 | X20: =X15*X$3 -> 0 | Y20: =Y15*Y$3 -> 0 | Z20: =Z15*Z$3 -> 0 | AA20: =AA15*AA$3 -> 0 | AB20: =AB15*AB$3 -> 0 | AC20: =AC15*AC$3 -> 0 | AE20: =AE15*AE$3 -> 0 | AF20: =AF15*AF$3 -> 0 | AG20: =AG15*AG$3 -> 0 | AH20: =AH15*AH$3 -> 0 | AI20: =AI15*AI$3 -> 0 | AJ20: =AJ15*AJ$3 -> 0
A21: trans1 | B21: 2.fegp4#c.pcoh5 | C21: 0.1659776 | D21: 0.27636959 | E21: 0.60056393 | F21: 0.54813047 | I21: IIIab | J21: =J16*J$3 -> 0 | K21: =K16*K$3 -> 0 | L21: =L16*L$3 -> 0 | M21: =M16*M$3 -> 0 | N21: =N16*N$3 -> 0 | O21: =O16*O$3 -> 0 | Q21: =Q16*Q$3 -> 4 | R21: =R16*R$3 -> 5 | S21: =S16*S$3 -> 6 | T21: =T16*T$3 -> 7 | U21: =U16*U$3 -> 8 | V21: =V16*V$3 -> 9 | X21: =X16*X$3 -> 0 | Y21: =Y16*Y$3 -> 0 | Z21: =Z16*Z$3 -> 0 | AA21: =AA16*AA$3 -> 0 | AB21: =AB16*AB$3 -> 0 | AC21: =AC16*AC$3 -> 0 | AE21: =AE16*AE$3 -> 0 | AF21: =AF16*AF$3 -> 0 | AG21: =AG16*AG$3 -> 0 | AH21: =AH16*AH$3 -> 0 | AI21: =AI16*AI$3 -> 0 | AJ21: =AJ16*AJ$3 -> 0
A22: trans1 | B22: 3.fegp4#c.pcoh5 | C22: -0.25659291 | D22: 0.12826466 | E22: -2.0004958 | F22: 0.045446758 | I22: IVab | J22: =J17*J$3 -> 0 | K22: =K17*K$3 -> 0 | L22: =L17*L$3 -> 0 | M22: =M17*M$3 -> 0 | N22: =N17*N$3 -> 0 | O22: =O17*O$3 -> 0 | Q22: =Q17*Q$3 -> 0 | R22: =R17*R$3 -> 0 | S22: =S17*S$3 -> 0 | T22: =T17*T$3 -> 0 | U22: =U17*U$3 -> 0 | V22: =V17*V$3 -> 0 | X22: =X17*X$3 -> 4 | Y22: =Y17*Y$3 -> 5 | Z22: =Z17*Z$3 -> 6 | AA22: =AA17*AA$3 -> 7 | AB22: =AB17*AB$3 -> 8 | AC22: =AC17*AC$3 -> 9 | AE22: =AE17*AE$3 -> 0 | AF22: =AF17*AF$3 -> 0 | AG22: =AG17*AG$3 -> 0 | AH22: =AH17*AH$3 -> 0 | AI22: =AI17*AI$3 -> 0 | AJ22: =AJ17*AJ$3 -> 0
A23: trans1 | B23: 4b.fegp4#co.pcoh5 | C23: 0 | I23: V+VI+VIIab+IVc | J23: =J18*J$3 -> 0 | K23: =K18*K$3 -> 0 | L23: =L18*L$3 -> 0 | M23: =M18*M$3 -> 0 | N23: =N18*N$3 -> 0 | O23: =O18*O$3 -> 0 | Q23: =Q18*Q$3 -> 0 | R23: =R18*R$3 -> 0 | S23: =S18*S$3 -> 0 | T23: =T18*T$3 -> 0 | U23: =U18*U$3 -> 0 | V23: =V18*V$3 -> 0 | X23: =X18*X$3 -> 0 | Y23: =Y18*Y$3 -> 0 | Z23: =Z18*Z$3 -> 0 | AA23: =AA18*AA$3 -> 0 | AB23: =AB18*AB$3 -> 0 | AC23: =AC18*AC$3 -> 0 | AE23: =AE18*AE$3 -> 4 | AF23: =AF18*AF$3 -> 5 | AG23: =AG18*AG$3 -> 6 | AH23: =AH18*AH$3 -> 7 | AI23: =AI18*AI$3 -> 8 | AJ23: =AJ18*AJ$3 -> 9
A24: trans1 | B24: 5.fegp4#c.pcoh5 | C24: -0.28396893 | D24: 0.12067339 | E24: -2.3532026 | F24: 0.01861249 | I24: job+abs | J24: =J19*J$3 -> 0 | K24: =K19*K$3 -> 0 | L24: =L19*L$3 -> 0 | M24: =M19*M$3 -> 0 | N24: =N19*N$3 -> 0 | O24: =O19*O$3 -> 0 | Q24: =Q19*Q$3 -> 0 | R24: =R19*R$3 -> 0 | S24: =S19*S$3 -> 0 | T24: =T19*T$3 -> 0 | U24: =U19*U$3 -> 0 | V24: =V19*V$3 -> 0 | X24: =X19*X$3 -> 0 | Y24: =Y19*Y$3 -> 0 | Z24: =Z19*Z$3 -> 0 | AA24: =AA19*AA$3 -> 0 | AB24: =AB19*AB$3 -> 0 | AC24: =AC19*AC$3 -> 0 | AE24: =AE19*AE$3 -> 0 | AF24: =AF19*AF$3 -> 0 | AG24: =AG19*AG$3 -> 0 | AH24: =AH19*AH$3 -> 0 | AI24: =AI19*AI$3 -> 0 | AJ24: =AJ19*AJ$3 -> 0
A25: trans1 | B25: _cons | C25: 1.2230767 | D25: 0.14145369 | E25: 8.646481 | F25: 5.3111876e-18 | I25: 定数 | J25: 1 | K25: 1 | L25: 1 | M25: 1 | N25: 1 | O25: 1 | Q25: 1 | R25: 1 | S25: 1 | T25: 1 | U25: 1 | V25: 1 | X25: 1 | Y25: 1 | Z25: 1 | AA25: 1 | AB25: 1 | AC25: 1 | AE25: 1 | AF25: 1 | AG25: 1 | AH25: 1 | AI25: 1 | AJ25: 1
A26: Jrcol_Tech | B26: sibs | C26: -0.10705059 | D26: 0.026622535 | E26: -4.0210515 | F26: 5.7938923e-05 | I26: {=I$5:I$25} -> 兄弟数 | J26: {=J$5:O$25} -> 2 | K26: 2 | L26: 2 | M26: 2 | N26: 2 | O26: 2 | Q26: {=Q$5:V$25} -> 2 | R26: 2 | S26: 2 | T26: 2 | U26: 2 | V26: 2 | X26: {=X$5:AC$25} -> 2 | Y26: 2 | Z26: 2 | AA26: 2 | AB26: 2 | AC26: 2 | AE26: {=AE$5:AJ$25} -> 2 | AF26: 2 | AG26: 2 | AH26: 2 | AI26: 2 | AJ26: 2
A27: Jrcol_Tech | B27: 1b.mutate_edu | C27: 0 | I27: 父中卒ref | J27: 0 | K27: 0 | L27: 0 | M27: 0 | N27: 0 | O27: 0 | Q27: 0 | R27: 0 | S27: 0 | T27: 0 | U27: 0 | V27: 0 | X27: 0 | Y27: 0 | Z27: 0 | AA27: 0 | AB27: 0 | AC27: 0 | AE27: 0 | AF27: 0 | AG27: 0 | AH27: 0 | AI27: 0 | AJ27: 0
A28: Jrcol_Tech | B28: 2.mutate_edu | C28: 0.50504807 | D28: 0.07554872 | E28: 6.6850646 | F28: 2.3082278e-11 | I28: 父高卒 | J28: 0 | K28: 0 | L28: 0 | M28: 0 | N28: 0 | O28: 0 | Q28: 0 | R28: 0 | S28: 0 | T28: 0 | U28: 0 | V28: 0 | X28: 0 | Y28: 0 | Z28: 0 | AA28: 0 | AB28: 0 | AC28: 0 | AE28: 0 | AF28: 0 | AG28: 0 | AH28: 0 | AI28: 0 | AJ28: 0
A29: Jrcol_Tech | B29: 3.mutate_edu | C29: 0.91744533 | D29: 0.10279621 | E29: 8.9248945 | F29: 4.4612441e-19 | I29: 父大卒 | J29: 1 | K29: 1 | L29: 1 | M29: 1 | N29: 1 | O29: 1 | Q29: 1 | R29: 1 | S29: 1 | T29: 1 | U29: 1 | V29: 1 | X29: 1 | Y29: 1 | Z29: 1 | AA29: 1 | AB29: 1 | AC29: 1 | AE29: 1 | AF29: 1 | AG29: 1 | AH29: 1 | AI29: 1 | AJ29: 1
A30: Jrcol_Tech | B30: 4b.pcoh5 | C30: 0 | I30: 世代40s ref | J30: 1 | K30: 0 | L30: 0 | M30: 0 | N30: 0 | O30: 0 | Q30: 1 | R30: 0 | S30: 0 | T30: 0 | U30: 0 | V30: 0 | X30: 1 | Y30: 0 | Z30: 0 | AA30: 0 | AB30: 0 | AC30: 0 | AE30: 1 | AF30: 0 | AG30: 0 | AH30: 0 | AI30: 0 | AJ30: 0
A31: Jrcol_Tech | B31: 5.pcoh5 | C31: 0.67173992 | D31: 0.10785464 | E31: 6.2281968 | F31: 4.7183425e-10 | I31: 50s | J31: 0 | K31: 1 | L31: 0 | M31: 0 | N31: 0 | O31: 0 | Q31: 0 | R31: 1 | S31: 0 | T31: 0 | U31: 0 | V31: 0 | X31: 0 | Y31: 1 | Z31: 0 | AA31: 0 | AB31: 0 | AC31: 0 | AE31: 0 | AF31: 1 | AG31: 0 | AH31: 0 | AI31: 0 | AJ31: 0
A32: Jrcol_Tech | B32: 6.pcoh5 | C32: 0.79861247 | D32: 0.12595448 | E32: 6.3404847 | F32: 2.2904344e-10 | I32: 60s | J32: 0 | K32: 0 | L32: 1 | M32: 0 | N32: 0 | O32: 0 | Q32: 0 | R32: 0 | S32: 1 | T32: 0 | U32: 0 | V32: 0 | X32: 0 | Y32: 0 | Z32: 1 | AA32: 0 | AB32: 0 | AC32: 0 | AE32: 0 | AF32: 0 | AG32: 1 | AH32: 0 | AI32: 0 | AJ32: 0
A33: Jrcol_Tech | B33: 7.pcoh5 | C33: 1.0819615 | D33: 0.14607534 | E33: 7.4068733 | F33: 1.2931189e-13 | I33: 70s | J33: 0 | K33: 0 | L33: 0 | M33: 1 | N33: 0 | O33: 0 | Q33: 0 | R33: 0 | S33: 0 | T33: 1 | U33: 0 | V33: 0 | X33: 0 | Y33: 0 | Z33: 0 | AA33: 1 | AB33: 0 | AC33: 0 | AE33: 0 | AF33: 0 | AG33: 0 | AH33: 1 | AI33: 0 | AJ33: 0
A34: Jrcol_Tech | B34: 8.pcoh5 | C34: 1.0205309 | D34: 0.18033147 | E34: 5.6591945 | F34: 1.5208515e-08 | I34: 80-90s | J34: 0 | K34: 0 | L34: 0 | M34: 0 | N34: 1 | O34: 1 | Q34: 0 | R34: 0 | S34: 0 | T34: 0 | U34: 1 | V34: 1 | X34: 0 | Y34: 0 | Z34: 0 | AA34: 0 | AB34: 1 | AC34: 1 | AE34: 0 | AF34: 0 | AG34: 0 | AH34: 0 | AI34: 1 | AJ34: 1
A35: Jrcol_Tech | B35: o.pcoh5 | C35: 0 | I35: 0 | J35: 0 | K35: 0 | L35: 0 | M35: 0 | N35: 0 | O35: 0 | Q35: 0 | R35: 0 | S35: 0 | T35: 0 | U35: 0 | V35: 0 | X35: 0 | Y35: 0 | Z35: 0 | AA35: 0 | AB35: 0 | AC35: 0 | AE35: 0 | AF35: 0 | AG35: 0 | AH35: 0 | AI35: 0 | AJ35: 0
A36: Jrcol_Tech | B36: 1.fegp4 | C36: 1.221553 | D36: 0.40084351 | E36: 3.0474561 | F36: 0.0023078722 | I36: EGP I+II | J36: 1 | K36: 1 | L36: 1 | M36: 1 | N36: 1 | O36: 1 | Q36: 0 | R36: 0 | S36: 0 | T36: 0 | U36: 0 | V36: 0 | X36: 0 | Y36: 0 | Z36: 0 | AA36: 0 | AB36: 0 | AC36: 0 | AE36: 0 | AF36: 0 | AG36: 0 | AH36: 0 | AI36: 0 | AJ36: 0
A37: Jrcol_Tech | B37: 2.fegp4 | C37: 0.90053981 | D37: 0.48923714 | E37: 1.8407021 | F37: 0.065665232 | I37: IIIab | J37: 0 | K37: 0 | L37: 0 | M37: 0 | N37: 0 | O37: 0 | Q37: 1 | R37: 1 | S37: 1 | T37: 1 | U37: 1 | V37: 1 | X37: 0 | Y37: 0 | Z37: 0 | AA37: 0 | AB37: 0 | AC37: 0 | AE37: 0 | AF37: 0 | AG37: 0 | AH37: 0 | AI37: 0 | AJ37: 0
A38: Jrcol_Tech | B38: 3.fegp4 | C38: 1.2391525 | D38: 0.39862913 | E38: 3.1085346 | F38: 0.001880176 | I38: IVab | J38: 0 | K38: 0 | L38: 0 | M38: 0 | N38: 0 | O38: 0 | Q38: 0 | R38: 0 | S38: 0 | T38: 0 | U38: 0 | V38: 0 | X38: 1 | Y38: 1 | Z38: 1 | AA38: 1 | AB38: 1 | AC38: 1 | AE38: 0 | AF38: 0 | AG38: 0 | AH38: 0 | AI38: 0 | AJ38: 0
A39: Jrcol_Tech | B39: 4b.fegp4 | C39: 0 | I39: V+VI+VIIab+IVc | J39: 0 | K39: 0 | L39: 0 | M39: 0 | N39: 0 | O39: 0 | Q39: 0 | R39: 0 | S39: 0 | T39: 0 | U39: 0 | V39: 0 | X39: 0 | Y39: 0 | Z39: 0 | AA39: 0 | AB39: 0 | AC39: 0 | AE39: 1 | AF39: 1 | AG39: 1 | AH39: 1 | AI39: 1 | AJ39: 1
A40: Jrcol_Tech | B40: 5.fegp4 | C40: 1.134172 | D40: 0.5015904 | E40: 2.2611517 | F40: 0.023749867 | I40: job+abs | J40: 0 | K40: 0 | L40: 0 | M40: 0 | N40: 0 | O40: 0 | Q40: 0 | R40: 0 | S40: 0 | T40: 0 | U40: 0 | V40: 0 | X40: 0 | Y40: 0 | Z40: 0 | AA40: 0 | AB40: 0 | AC40: 0 | AE40: 0 | AF40: 0 | AG40: 0 | AH40: 0 | AI40: 0 | AJ40: 0
A41: Jrcol_Tech | B41: 1.fegp4#c.pcoh5 | C41: -0.065995648 | D41: 0.068573373 | E41: -0.96240925 | F41: 0.33584407 | I41: 世代× I+II | J41: 4 | K41: 5 | L41: 6 | M41: 7 | N41: 8 | O41: 9 | Q41: 0 | R41: 0 | S41: 0 | T41: 0 | U41: 0 | V41: 0 | X41: 0 | Y41: 0 | Z41: 0 | AA41: 0 | AB41: 0 | AC41: 0 | AE41: 0 | AF41: 0 | AG41: 0 | AH41: 0 | AI41: 0 | AJ41: 0
A42: Jrcol_Tech | B42: 2.fegp4#c.pcoh5 | C42: -0.054119504 | D42: 0.08083522 | E42: -0.66950401 | F42: 0.50317402 | I42: IIIab | J42: 0 | K42: 0 | L42: 0 | M42: 0 | N42: 0 | O42: 0 | Q42: 4 | R42: 5 | S42: 6 | T42: 7 | U42: 8 | V42: 9 | X42: 0 | Y42: 0 | Z42: 0 | AA42: 0 | AB42: 0 | AC42: 0 | AE42: 0 | AF42: 0 | AG42: 0 | AH42: 0 | AI42: 0 | AJ42: 0
A43: Jrcol_Tech | B43: 3.fegp4#c.pcoh5 | C43: -0.14001248 | D43: 0.068335421 | E43: -2.0489006 | F43: 0.040471838 | I43: IVab | J43: 0 | K43: 0 | L43: 0 | M43: 0 | N43: 0 | O43: 0 | Q43: 0 | R43: 0 | S43: 0 | T43: 0 | U43: 0 | V43: 0 | X43: 4 | Y43: 5 | Z43: 6 | AA43: 7 | AB43: 8 | AC43: 9 | AE43: 0 | AF43: 0 | AG43: 0 | AH43: 0 | AI43: 0 | AJ43: 0
A44: Jrcol_Tech | B44: 4b.fegp4#co.pcoh5 | C44: 0 | I44: V+VI+VIIab+IVc | J44: 0 | K44: 0 | L44: 0 | M44: 0 | N44: 0 | O44: 0 | Q44: 0 | R44: 0 | S44: 0 | T44: 0 | U44: 0 | V44: 0 | X44: 0 | Y44: 0 | Z44: 0 | AA44: 0 | AB44: 0 | AC44: 0 | AE44: 4 | AF44: 5 | AG44: 6 | AH44: 7 | AI44: 8 | AJ44: 9
A45: Jrcol_Tech | B45: 5.fegp4#c.pcoh5 | C45: -0.23753407 | D45: 0.085642695 | E45: -2.7735474 | F45: 0.0055448761 | I45: job+abs | J45: 0 | K45: 0 | L45: 0 | M45: 0 | N45: 0 | O45: 0 | Q45: 0 | R45: 0 | S45: 0 | T45: 0 | U45: 0 | V45: 0 | X45: 0 | Y45: 0 | Z45: 0 | AA45: 0 | AB45: 0 | AC45: 0 | AE45: 0 | AF45: 0 | AG45: 0 | AH45: 0 | AI45: 0 | AJ45: 0
A46: Jrcol_Tech | B46: _cons | C46: -1.3405642 | D46: 0.1522716 | E46: -8.8037705 | F46: 1.3229476e-18 | I46: 定数 | J46: 1 | K46: 1 | L46: 1 | M46: 1 | N46: 1 | O46: 1 | Q46: 1 | R46: 1 | S46: 1 | T46: 1 | U46: 1 | V46: 1 | X46: 1 | Y46: 1 | Z46: 1 | AA46: 1 | AB46: 1 | AC46: 1 | AE46: 1 | AF46: 1 | AG46: 1 | AH46: 1 | AI46: 1 | AJ46: 1
A47: Higher | B47: sibs | C47: -0.35423861 | D47: 0.045247729 | E47: -7.8288706 | F47: 4.9227182e-15 | I47: {=I$5:I$25} -> 兄弟数 | J47: {=J$5:O$25} -> 2 | K47: 2 | L47: 2 | M47: 2 | N47: 2 | O47: 2 | Q47: {=Q$5:V$25} -> 2 | R47: 2 | S47: 2 | T47: 2 | U47: 2 | V47: 2 | X47: {=X$5:AC$25} -> 2 | Y47: 2 | Z47: 2 | AA47: 2 | AB47: 2 | AC47: 2 | AE47: {=AE$5:AJ$25} -> 2 | AF47: 2 | AG47: 2 | AH47: 2 | AI47: 2 | AJ47: 2
A48: Higher | B48: 1b.mutate_edu | C48: 0 | I48: 父中卒ref | J48: 0 | K48: 0 | L48: 0 | M48: 0 | N48: 0 | O48: 0 | Q48: 0 | R48: 0 | S48: 0 | T48: 0 | U48: 0 | V48: 0 | X48: 0 | Y48: 0 | Z48: 0 | AA48: 0 | AB48: 0 | AC48: 0 | AE48: 0 | AF48: 0 | AG48: 0 | AH48: 0 | AI48: 0 | AJ48: 0
A49: Higher | B49: 2.mutate_edu | C49: 0.89097273 | D49: 0.12334309 | E49: 7.2235319 | F49: 5.0654422e-13 | I49: 父高卒 | J49: 0 | K49: 0 | L49: 0 | M49: 0 | N49: 0 | O49: 0 | Q49: 0 | R49: 0 | S49: 0 | T49: 0 | U49: 0 | V49: 0 | X49: 0 | Y49: 0 | Z49: 0 | AA49: 0 | AB49: 0 | AC49: 0 | AE49: 0 | AF49: 0 | AG49: 0 | AH49: 0 | AI49: 0 | AJ49: 0
A50: Higher | B50: 3.mutate_edu | C50: 2.0344063 | D50: 0.13738748 | E50: 14.8078 | F50: 1.3044037e-49 | I50: 父大卒 | J50: 1 | K50: 1 | L50: 1 | M50: 1 | N50: 1 | O50: 1 | Q50: 1 | R50: 1 | S50: 1 | T50: 1 | U50: 1 | V50: 1 | X50: 1 | Y50: 1 | Z50: 1 | AA50: 1 | AB50: 1 | AC50: 1 | AE50: 1 | AF50: 1 | AG50: 1 | AH50: 1 | AI50: 1 | AJ50: 1
A51: Higher | B51: 4b.pcoh5 | C51: 0 | I51: 世代40s ref | J51: 1 | K51: 0 | L51: 0 | M51: 0 | N51: 0 | O51: 0 | Q51: 1 | R51: 0 | S51: 0 | T51: 0 | U51: 0 | V51: 0 | X51: 1 | Y51: 0 | Z51: 0 | AA51: 0 | AB51: 0 | AC51: 0 | AE51: 1 | AF51: 0 | AG51: 0 | AH51: 0 | AI51: 0 | AJ51: 0
A52: Higher | B52: 5.pcoh5 | C52: 0.75076024 | D52: 0.1764832 | E52: 4.2540041 | F52: 2.0998141e-05 | I52: 50s | J52: 0 | K52: 1 | L52: 0 | M52: 0 | N52: 0 | O52: 0 | Q52: 0 | R52: 1 | S52: 0 | T52: 0 | U52: 0 | V52: 0 | X52: 0 | Y52: 1 | Z52: 0 | AA52: 0 | AB52: 0 | AC52: 0 | AE52: 0 | AF52: 1 | AG52: 0 | AH52: 0 | AI52: 0 | AJ52: 0
A53: Higher | B53: 6.pcoh5 | C53: 0.80611368 | D53: 0.20563776 | E53: 3.9200664 | F53: 8.8524572e-05 | I53: 60s | J53: 0 | K53: 0 | L53: 1 | M53: 0 | N53: 0 | O53: 0 | Q53: 0 | R53: 0 | S53: 1 | T53: 0 | U53: 0 | V53: 0 | X53: 0 | Y53: 0 | Z53: 1 | AA53: 0 | AB53: 0 | AC53: 0 | AE53: 0 | AF53: 0 | AG53: 1 | AH53: 0 | AI53: 0 | AJ53: 0
A54: Higher | B54: 7.pcoh5 | C54: 1.2960162 | D54: 0.24341605 | E54: 5.3242842 | F54: 1.0135135e-07 | I54: 70s | J54: 0 | K54: 0 | L54: 0 | M54: 1 | N54: 0 | O54: 0 | Q54: 0 | R54: 0 | S54: 0 | T54: 1 | U54: 0 | V54: 0 | X54: 0 | Y54: 0 | Z54: 0 | AA54: 1 | AB54: 0 | AC54: 0 | AE54: 0 | AF54: 0 | AG54: 0 | AH54: 1 | AI54: 0 | AJ54: 0
A55: Higher | B55: 8.pcoh5 | C55: 1.6595199 | D55: 0.29306539 | E55: 5.6626268 | F55: 1.4907314e-08 | I55: 80-90s | J55: 0 | K55: 0 | L55: 0 | M55: 0 | N55: 1 | O55: 1 | Q55: 0 | R55: 0 | S55: 0 | T55: 0 | U55: 1 | V55: 1 | X55: 0 | Y55: 0 | Z55: 0 | AA55: 0 | AB55: 1 | AC55: 1 | AE55: 0 | AF55: 0 | AG55: 0 | AH55: 0 | AI55: 1 | AJ55: 1
A56: Higher | B56: o.pcoh5 | C56: 0 | I56: 0 | J56: 0 | K56: 0 | L56: 0 | M56: 0 | N56: 0 | O56: 0 | Q56: 0 | R56: 0 | S56: 0 | T56: 0 | U56: 0 | V56: 0 | X56: 0 | Y56: 0 | Z56: 0 | AA56: 0 | AB56: 0 | AC56: 0 | AE56: 0 | AF56: 0 | AG56: 0 | AH56: 0 | AI56: 0 | AJ56: 0
A57: Higher | B57: 1.fegp4 | C57: 1.0874637 | D57: 0.58574701 | E57: 1.8565416 | F57: 0.063376403 | I57: EGP I+II | J57: 1 | K57: 1 | L57: 1 | M57: 1 | N57: 1 | O57: 1 | Q57: 0 | R57: 0 | S57: 0 | T57: 0 | U57: 0 | V57: 0 | X57: 0 | Y57: 0 | Z57: 0 | AA57: 0 | AB57: 0 | AC57: 0 | AE57: 0 | AF57: 0 | AG57: 0 | AH57: 0 | AI57: 0 | AJ57: 0
A58: Higher | B58: 2.fegp4 | C58: 0.83038307 | D58: 0.70711391 | E58: 1.1743272 | F58: 0.24026401 | I58: IIIab | J58: 0 | K58: 0 | L58: 0 | M58: 0 | N58: 0 | O58: 0 | Q58: 1 | R58: 1 | S58: 1 | T58: 1 | U58: 1 | V58: 1 | X58: 0 | Y58: 0 | Z58: 0 | AA58: 0 | AB58: 0 | AC58: 0 | AE58: 0 | AF58: 0 | AG58: 0 | AH58: 0 | AI58: 0 | AJ58: 0
A59: Higher | B59: 3.fegp4 | C59: 1.4998775 | D59: 0.65679067 | E59: 2.2836461 | F59: 0.022392337 | I59: IVab | J59: 0 | K59: 0 | L59: 0 | M59: 0 | N59: 0 | O59: 0 | Q59: 0 | R59: 0 | S59: 0 | T59: 0 | U59: 0 | V59: 0 | X59: 1 | Y59: 1 | Z59: 1 | AA59: 1 | AB59: 1 | AC59: 1 | AE59: 0 | AF59: 0 | AG59: 0 | AH59: 0 | AI59: 0 | AJ59: 0
A60: Higher | B60: 4b.fegp4 | C60: 0 | I60: V+VI+VIIab+IVc | J60: 0 | K60: 0 | L60: 0 | M60: 0 | N60: 0 | O60: 0 | Q60: 0 | R60: 0 | S60: 0 | T60: 0 | U60: 0 | V60: 0 | X60: 0 | Y60: 0 | Z60: 0 | AA60: 0 | AB60: 0 | AC60: 0 | AE60: 1 | AF60: 1 | AG60: 1 | AH60: 1 | AI60: 1 | AJ60: 1
A61: Higher | B61: 5.fegp4 | C61: 1.5296554 | D61: 0.76778093 | E61: 1.9923071 | F61: 0.046337371 | I61: job+abs | J61: 0 | K61: 0 | L61: 0 | M61: 0 | N61: 0 | O61: 0 | Q61: 0 | R61: 0 | S61: 0 | T61: 0 | U61: 0 | V61: 0 | X61: 0 | Y61: 0 | Z61: 0 | AA61: 0 | AB61: 0 | AC61: 0 | AE61: 0 | AF61: 0 | AG61: 0 | AH61: 0 | AI61: 0 | AJ61: 0
A62: Higher | B62: 1.fegp4#c.pcoh5 | C62: 0.063982224 | D62: 0.092258944 | E62: 0.693507 | F62: 0.48799143 | I62: 世代× I+II | J62: 4 | K62: 5 | L62: 6 | M62: 7 | N62: 8 | O62: 9 | Q62: 0 | R62: 0 | S62: 0 | T62: 0 | U62: 0 | V62: 0 | X62: 0 | Y62: 0 | Z62: 0 | AA62: 0 | AB62: 0 | AC62: 0 | AE62: 0 | AF62: 0 | AG62: 0 | AH62: 0 | AI62: 0 | AJ62: 0
A63: Higher | B63: 2.fegp4#c.pcoh5 | C63: 0.050927532 | D63: 0.10920856 | E63: 0.4663328 | F63: 0.6409773 | I63: IIIab | J63: 0 | K63: 0 | L63: 0 | M63: 0 | N63: 0 | O63: 0 | Q63: 4 | R63: 5 | S63: 6 | T63: 7 | U63: 8 | V63: 9 | X63: 0 | Y63: 0 | Z63: 0 | AA63: 0 | AB63: 0 | AC63: 0 | AE63: 0 | AF63: 0 | AG63: 0 | AH63: 0 | AI63: 0 | AJ63: 0
A64: Higher | B64: 3.fegp4#c.pcoh5 | C64: -0.12572664 | D64: 0.10428177 | E64: -1.2056435 | F64: 0.22795496 | I64: IVab | J64: 0 | K64: 0 | L64: 0 | M64: 0 | N64: 0 | O64: 0 | Q64: 0 | R64: 0 | S64: 0 | T64: 0 | U64: 0 | V64: 0 | X64: 4 | Y64: 5 | Z64: 6 | AA64: 7 | AB64: 8 | AC64: 9 | AE64: 0 | AF64: 0 | AG64: 0 | AH64: 0 | AI64: 0 | AJ64: 0
A65: Higher | B65: 4b.fegp4#co.pcoh5 | C65: 0 | I65: V+VI+VIIab+IVc | J65: 0 | K65: 0 | L65: 0 | M65: 0 | N65: 0 | O65: 0 | Q65: 0 | R65: 0 | S65: 0 | T65: 0 | U65: 0 | V65: 0 | X65: 0 | Y65: 0 | Z65: 0 | AA65: 0 | AB65: 0 | AC65: 0 | AE65: 4 | AF65: 5 | AG65: 6 | AH65: 7 | AI65: 8 | AJ65: 9
A66: Higher | B66: 5.fegp4#c.pcoh5 | C66: -0.23558862 | D66: 0.12064671 | E66: -1.9527149 | F66: 0.050853392 | I66: job+abs | J66: 0 | K66: 0 | L66: 0 | M66: 0 | N66: 0 | O66: 0 | Q66: 0 | R66: 0 | S66: 0 | T66: 0 | U66: 0 | V66: 0 | X66: 0 | Y66: 0 | Z66: 0 | AA66: 0 | AB66: 0 | AC66: 0 | AE66: 0 | AF66: 0 | AG66: 0 | AH66: 0 | AI66: 0 | AJ66: 0
A67: Higher | B67: _cons | C67: -2.5312384 | D67: 0.264643 | E67: -9.5647284 | F67: 1.1249645e-21 | I67: 定数 | J67: 1 | K67: 1 | L67: 1 | M67: 1 | N67: 1 | O67: 1 | Q67: 1 | R67: 1 | S67: 1 | T67: 1 | U67: 1 | V67: 1 | X67: 1 | Y67: 1 | Z67: 1 | AA67: 1 | AB67: 1 | AC67: 1 | AE67: 1 | AF67: 1 | AG67: 1 | AH67: 1 | AI67: 1 | AJ67: 1
J69: =_xlfn.TEXTJOIN("",TRUE,J70:J71) -> I+II1940s | K69: =_xlfn.TEXTJOIN("",TRUE,K70:K71) -> I+II1950s | L69: =_xlfn.TEXTJOIN("",TRUE,L70:L71) -> I+II1960s | M69: =_xlfn.TEXTJOIN("",TRUE,M70:M71) -> I+II1970s | N69: =_xlfn.TEXTJOIN("",TRUE,N70:N71) -> I+II1980s | O69: =_xlfn.TEXTJOIN("",TRUE,O70:O71) -> I+II1990s | P69: =_xlfn.TEXTJOIN("",TRUE,P70:P71) | Q69: =_xlfn.TEXTJOIN("",TRUE,Q70:Q71) -> IIIab1940s | ... AJ69: =_xlfn.TEXTJOIN("",TRUE,AJ70:AJ71) -> V+VI+VIIab1990s
J70: I+II | K70: I+II | L70: I+II | M70: I+II | N70: I+II | O70: I+II | Q70: IIIab | R70: IIIab | S70: IIIab | T70: IIIab | U70: IIIab | V70: IIIab | X70: IVab | Y70: IVab | Z70: IVab | AA70: IVab | AB70: IVab | AC70: IVab | AE70: V+VI+VIIab | AF70: V+VI+VIIab | AG70: V+VI+VIIab | AH70: V+VI+VIIab | AI70: V+VI+VIIab | AJ70: V+VI+VIIab
J71: 1940s | K71: 1950s | L71: 1960s | M71: 1970s | N71: 1980s | O71: 1990s | Q71: 1940s | R71: 1950s | S71: 1960s | T71: 1970s | U71: 1980s | V71: 1990s | X71: 1940s | Y71: 1950s | Z71: 1960s | AA71: 1970s | AB71: 1980s | AC71: 1990s | AE71: 1940s | AF71: 1950s | AG71: 1960s | AH71: 1970s | AI71: 1980s | AJ71: 1990s
E72: =_xlfn.TEXTJOIN("",TRUE,F72:G72) -> T1xb | F72: T1 | G72: xb | H72: 高校 | I72: xb | J72: =SUMPRODUCT($C$5:$C$25,J$5:J$25) -> 4.6425481 | K72: =SUMPRODUCT($C$5:$C$25,K$5:K$25) -> 6.1131244 | L72: =SUMPRODUCT($C$5:$C$25,L$5:L$25) -> 7.1991266 | M72: =SUMPRODUCT($C$5:$C$25,M$5:M$25) -> 6.5574264 | N72: =SUMPRODUCT($C$5:$C$25,N$5:N$25) -> 6.4921416 | O72: =SUMPRODUCT($C$5:$C$25,O$5:O$25) -> 6.333333 | Q72: =SUMPRODUCT($C$5:$C$25,Q$5:Q$25) -> 3.195302 | R72: =SUMPRODUCT($C$5:$C$25,R$5:R$25) -> 4.9906647 | S72: =SUMPRODUCT($C$5:$C$25,S$5:S$25) -> 6.4014531 | T72: =SUMPRODUCT($C$5:$C$25,T$5:T$25) -> 6.0845392 | U72: =SUMPRODUCT($C$5:$C$25,U$5:U$25) -> 6.3440407 | V72: =SUMPRODUCT($C$5:$C$25,V$5:V$25) -> 6.5100183 | X72: =SUMPRODUCT($C$5:$C$25,X$5:X$25) -> 2.8811205 | Y72: =SUMPRODUCT($C$5:$C$25,Y$5:Y$25) -> 4.2539126 | Z72: =SUMPRODUCT($C$5:$C$25,Z$5:Z$25) -> 5.2421305 | AA72: =SUMPRODUCT($C$5:$C$25,AA$5:AA$25) -> 4.5026461 | AB72: =SUMPRODUCT($C$5:$C$25,AB$5:AB$25) -> 4.3395771 | AC72: =SUMPRODUCT($C$5:$C$25,AC$5:AC$25) -> 4.0829842 | AE72: =SUMPRODUCT($C$5:$C$25,AE$5:AE$25) -> 2.2752334 | AF72: =SUMPRODUCT($C$5:$C$25,AF$5:AF$25) -> 3.9046185 | AG72: =SUMPRODUCT($C$5:$C$25,AG$5:AG$25) -> 5.1494293 | AH72: =SUMPRODUCT($C$5:$C$25,AH$5:AH$25) -> 4.6665377 | AI72: =SUMPRODUCT($C$5:$C$25,AI$5:AI$25) -> 4.7600617 | AJ72: =SUMPRODUCT($C$5:$C$25,AJ$5:AJ$25) -> 4.7600617
E73: =_xlfn.TEXTJOIN("",TRUE,F73:G73) -> T1lambda | F73: T1 | G73: lambda | I73: 父職効果 | J73: =SUMPRODUCT($C$15:$C$24,J15:J24) -> 2.3673146 | K73: =SUMPRODUCT($C$15:$C$24,K15:K24) -> 2.208506 | L73: =SUMPRODUCT($C$15:$C$24,L15:L24) -> 2.0496973 | M73: =SUMPRODUCT($C$15:$C$24,M15:M24) -> 1.8908886 | N73: =SUMPRODUCT($C$15:$C$24,N15:N24) -> 1.7320799 | O73: =SUMPRODUCT($C$15:$C$24,O15:O24) -> 1.5732713 | Q73: =SUMPRODUCT($C$15:$C$24,Q15:Q24) -> 0.92006861 | R73: =SUMPRODUCT($C$15:$C$24,R15:R24) -> 1.0860462 | S73: =SUMPRODUCT($C$15:$C$24,S15:S24) -> 1.2520238 | T73: =SUMPRODUCT($C$15:$C$24,T15:T24) -> 1.4180014 | U73: =SUMPRODUCT($C$15:$C$24,U15:U24) -> 1.583979 | V73: =SUMPRODUCT($C$15:$C$24,V15:V24) -> 1.7499566 | X73: =SUMPRODUCT($C$15:$C$24,X15:X24) -> 0.60588708 | Y73: =SUMPRODUCT($C$15:$C$24,Y15:Y24) -> 0.34929416 | Z73: =SUMPRODUCT($C$15:$C$24,Z15:Z24) -> 0.092701248 | AA73: =SUMPRODUCT($C$15:$C$24,AA15:AA24) -> -0.16389167 | AB73: =SUMPRODUCT($C$15:$C$24,AB15:AB24) -> -0.42048458 | AC73: =SUMPRODUCT($C$15:$C$24,AC15:AC24) -> -0.67707749 | AE73: =SUMPRODUCT($C$15:$C$24,AE15:AE24) -> 0 | AF73: =SUMPRODUCT($C$15:$C$24,AF15:AF24) -> 0 | AG73: =SUMPRODUCT($C$15:$C$24,AG15:AG24) -> 0 | AH73: =SUMPRODUCT($C$15:$C$24,AH15:AH24) -> 0 | AI73: =SUMPRODUCT($C$15:$C$24,AI15:AI24) -> 0 | AJ73: =SUMPRODUCT($C$15:$C$24,AJ15:AJ24) -> 0
E74: =_xlfn.TEXTJOIN("",TRUE,F74:G74) -> T1p | F74: T1 | G74: p | I74: 確率 | J74: =1/(1+EXP(-J72)) -> 0.99045879 | K74: =1/(1+EXP(-K72)) -> 0.99779127 | L74: =1/(1+EXP(-L72)) -> 0.99925332 | M74: =1/(1+EXP(-M72)) -> 0.99858248 | N74: =1/(1+EXP(-N72)) -> 0.99848699 | O74: =1/(1+EXP(-O72)) -> 0.99822704 | Q74: =1/(1+EXP(-Q72)) -> 0.9606571 | R74: =1/(1+EXP(-R72)) -> 0.9932448 | S74: =1/(1+EXP(-S72)) -> 0.9983436 | T74: =1/(1+EXP(-T72)) -> 0.99772736 | U74: =1/(1+EXP(-U72)) -> 0.99824589 | V74: =1/(1+EXP(-V72)) -> 0.99851376 | X74: =1/(1+EXP(-X72)) -> 0.94690523 | Y74: =1/(1+EXP(-Y72)) -> 0.98599052 | Z74: =1/(1+EXP(-Z72)) -> 0.99473885 | AA74: =1/(1+EXP(-AA72)) -> 0.98904177 | AB74: =1/(1+EXP(-AB72)) -> 0.98712586 | AC74: =1/(1+EXP(-AC72)) -> 0.98342237 | AE74: =1/(1+EXP(-AE72)) -> 0.90680501 | AF74: =1/(1+EXP(-AF72)) -> 0.98024931 | AG74: =1/(1+EXP(-AG72)) -> 0.99423076 | AH74: =1/(1+EXP(-AH72)) -> 0.99068285 | AI74: =1/(1+EXP(-AI72)) -> 0.99150766 | AJ74: =1/(1+EXP(-AJ72)) -> 0.99150766
E75: =_xlfn.TEXTJOIN("",TRUE,F75:G75) -> T1p* | F75: T1 | G75: p* | I75: p*_1 | J75: {=(J74:O74+$AE74:$AJ74)/2} -> 0.9486319 | K75: 0.98902029 | L75: 0.99674204 | M75: 0.99463266 | N75: 0.99499732 | O75: 0.99486735 | Q75: {=(Q74:V74+$AE74:$AJ74)/2} -> 0.93373105 | R75: 0.98674705 | S75: 0.99628718 | T75: 0.99420511 | U75: 0.99487678 | V75: 0.99501071 | X75: {=(X74:AC74+$AE74:$AJ74)/2} -> 0.92685512 | Y75: 0.98311992 | Z75: 0.99448481 | AA75: 0.98986231 | AB75: 0.98931676 | AC75: 0.98746501 | AE75: {=(AE74:AJ74+$AE74:$AJ74)/2} -> 0.90680501 | AF75: 0.98024931 | AG75: 0.99423076 | AH75: 0.99068285 | AI75: 0.99150766 | AJ75: 0.99150766
E76: =_xlfn.TEXTJOIN("",TRUE,F76:G76)
E77: =_xlfn.TEXTJOIN("",TRUE,F77:G77) -> T2xb | F77: T2 | G77: xb | H77: 短専 | I77: xb | J77: =SUMPRODUCT($C$26:$C$46,J$26:J$46) -> 0.32035037 | K77: =SUMPRODUCT($C$26:$C$46,K$26:K$46) -> 0.92609463 | L77: =SUMPRODUCT($C$26:$C$46,L$26:L$46) -> 0.98697154 | M77: =SUMPRODUCT($C$26:$C$46,M$26:M$46) -> 1.204325 | N77: =SUMPRODUCT($C$26:$C$46,N$26:N$46) -> 1.0768986 | O77: =SUMPRODUCT($C$26:$C$46,O$26:O$46) -> 1.010903 | Q77: =SUMPRODUCT($C$26:$C$46,Q$26:Q$46) -> 0.046841755 | R77: =SUMPRODUCT($C$26:$C$46,R$26:R$46) -> 0.66446217 | S77: =SUMPRODUCT($C$26:$C$46,S$26:S$46) -> 0.73721522 | T77: =SUMPRODUCT($C$26:$C$46,T$26:T$46) -> 0.96644478 | U77: =SUMPRODUCT($C$26:$C$46,U$26:U$46) -> 0.85089461 | V77: =SUMPRODUCT($C$26:$C$46,V$26:V$46) -> 0.7967751 | X77: =SUMPRODUCT($C$26:$C$46,X$26:X$46) -> 0.041882505 | Y77: =SUMPRODUCT($C$26:$C$46,Y$26:Y$46) -> 0.57360994 | Z77: =SUMPRODUCT($C$26:$C$46,Z$26:Z$46) -> 0.56047001 | AA77: =SUMPRODUCT($C$26:$C$46,AA$26:AA$46) -> 0.70380659 | AB77: =SUMPRODUCT($C$26:$C$46,AB$26:AB$46) -> 0.50236344 | AC77: =SUMPRODUCT($C$26:$C$46,AC$26:AC$46) -> 0.36235096 | AE77: =SUMPRODUCT($C$26:$C$46,AE$26:AE$46) -> -0.63722004 | AF77: =SUMPRODUCT($C$26:$C$46,AF$26:AF$46) -> 0.034519879 | AG77: =SUMPRODUCT($C$26:$C$46,AG$26:AG$46) -> 0.16139244 | AH77: =SUMPRODUCT($C$26:$C$46,AH$26:AH$46) -> 0.4447415 | AI77: =SUMPRODUCT($C$26:$C$46,AI$26:AI$46) -> 0.38331083 | AJ77: =SUMPRODUCT($C$26:$C$46,AJ$26:AJ$46) -> 0.38331083
E78: =_xlfn.TEXTJOIN("",TRUE,F78:G78) -> T2lambda | F78: T2 | G78: lambda | I78: 父職効果 | J78: =SUMPRODUCT($C$36:$C$45,J$36:J$45) -> 0.9575704 | K78: =SUMPRODUCT($C$36:$C$45,K$36:K$45) -> 0.89157476 | L78: =SUMPRODUCT($C$36:$C$45,L$36:L$45) -> 0.82557911 | M78: =SUMPRODUCT($C$36:$C$45,M$36:M$45) -> 0.75958346 | N78: =SUMPRODUCT($C$36:$C$45,N$36:N$45) -> 0.69358781 | O78: =SUMPRODUCT($C$36:$C$45,O$36:O$45) -> 0.62759216 | Q78: =SUMPRODUCT($C$36:$C$45,Q$36:Q$45) -> 0.68406179 | R78: =SUMPRODUCT($C$36:$C$45,R$36:R$45) -> 0.62994229 | S78: =SUMPRODUCT($C$36:$C$45,S$36:S$45) -> 0.57582279 | T78: =SUMPRODUCT($C$36:$C$45,T$36:T$45) -> 0.52170328 | U78: =SUMPRODUCT($C$36:$C$45,U$36:U$45) -> 0.46758378 | V78: =SUMPRODUCT($C$36:$C$45,V$36:V$45) -> 0.41346427 | X78: =SUMPRODUCT($C$36:$C$45,X$36:X$45) -> 0.67910254 | Y78: =SUMPRODUCT($C$36:$C$45,Y$36:Y$45) -> 0.53909006 | Z78: =SUMPRODUCT($C$36:$C$45,Z$36:Z$45) -> 0.39907758 | AA78: =SUMPRODUCT($C$36:$C$45,AA$36:AA$45) -> 0.2590651 | AB78: =SUMPRODUCT($C$36:$C$45,AB$36:AB$45) -> 0.11905261 | AC78: =SUMPRODUCT($C$36:$C$45,AC$36:AC$45) -> -0.02095987 | AE78: =SUMPRODUCT($C$36:$C$45,AE$36:AE$45) -> 0 | AF78: =SUMPRODUCT($C$36:$C$45,AF$36:AF$45) -> 0 | AG78: =SUMPRODUCT($C$36:$C$45,AG$36:AG$45) -> 0 | AH78: =SUMPRODUCT($C$36:$C$45,AH$36:AH$45) -> 0 | AI78: =SUMPRODUCT($C$36:$C$45,AI$36:AI$45) -> 0 | AJ78: =SUMPRODUCT($C$36:$C$45,AJ$36:AJ$45) -> 0
E79: =_xlfn.TEXTJOIN("",TRUE,F79:G79) -> T2p | F79: T2 | G79: p | I79: 進学率 | J79: =EXP(J77)/(1+EXP(J82)+EXP(J77)) -> 0.39073591 | K79: =EXP(K77)/(1+EXP(K82)+EXP(K77)) -> 0.4126793 | L79: =EXP(L77)/(1+EXP(L82)+EXP(L77)) -> 0.40623531 | M79: =EXP(M77)/(1+EXP(M82)+EXP(M77)) -> 0.35404776 | N79: =EXP(N77)/(1+EXP(N82)+EXP(N77)) -> 0.25024076 | O79: =EXP(O77)/(1+EXP(O82)+EXP(O77)) -> 0.22789511 | Q79: =EXP(Q77)/(1+EXP(Q82)+EXP(Q77)) -> 0.36253987 | R79: =EXP(R77)/(1+EXP(R82)+EXP(R77)) -> 0.40304202 | S79: =EXP(S77)/(1+EXP(S82)+EXP(S77)) -> 0.40355419 | T79: =EXP(T77)/(1+EXP(T82)+EXP(T77)) -> 0.36424424 | U79: =EXP(U77)/(1+EXP(U82)+EXP(U77)) -> 0.26695185 | V79: =EXP(V77)/(1+EXP(V82)+EXP(V77)) -> 0.24834871 | X79: =EXP(X77)/(1+EXP(X82)+EXP(X77)) -> 0.36528197 | Y79: =EXP(Y77)/(1+EXP(Y82)+EXP(Y77)) -> 0.41351969 | Z79: =EXP(Z77)/(1+EXP(Z82)+EXP(Z77)) -> 0.42049147 | AA79: =EXP(AA77)/(1+EXP(AA82)+EXP(AA77)) -> 0.39977416 | AB79: =EXP(AB77)/(1+EXP(AB82)+EXP(AB77)) -> 0.31575503 | AC79: =EXP(AC77)/(1+EXP(AC82)+EXP(AC77)) -> 0.30483858 | AE79: =EXP(AE77)/(1+EXP(AE82)+EXP(AE77)) -> 0.2891993 | AF79: =EXP(AF77)/(1+EXP(AF82)+EXP(AF77)) -> 0.38770717 | AG79: =EXP(AG77)/(1+EXP(AG82)+EXP(AG77)) -> 0.41291068 | AH79: =EXP(AH77)/(1+EXP(AH82)+EXP(AH77)) -> 0.42683228 | AI79: =EXP(AI77)/(1+EXP(AI82)+EXP(AI77)) -> 0.36296657 | AJ79: =EXP(AJ77)/(1+EXP(AJ82)+EXP(AJ77)) -> 0.36296657
E80: =_xlfn.TEXTJOIN("",TRUE,F80:G80) -> T2p* | F80: T2 | G80: p* | I80: p*_2 | J80: {=(J79:O79+$AE79:$AJ79)/2} -> 0.3399676 | K80: 0.40019324 | L80: 0.40957299 | M80: 0.39044002 | N80: 0.30660367 | O80: 0.29543084 | Q80: {=(Q79:V79+$AE79:$AJ79)/2} -> 0.32586958 | R80: 0.3953746 | S80: 0.40823244 | T80: 0.39553826 | U80: 0.31495921 | V80: 0.30565764 | X80: {=(X79:AC79+$AE79:$AJ79)/2} -> 0.32724063 | Y80: 0.40061343 | Z80: 0.41670107 | AA80: 0.41330322 | AB80: 0.3393608 | AC80: 0.33390258 | AE80: {=(AE79:AJ79+$AE79:$AJ79)/2} -> 0.2891993 | AF80: 0.38770717 | AG80: 0.41291068 | AH80: 0.42683228 | AI80: 0.36296657 | AJ80: 0.36296657
E81: =_xlfn.TEXTJOIN("",TRUE,F81:G81)
E82: =_xlfn.TEXTJOIN("",TRUE,F82:G82) -> T3xb | F82: T3 | G82: xb | H82: 大学 | I82: xb | J82: =SUMPRODUCT($C$47:$C$67,J$47:J$67) -> 0.13808324 | K82: =SUMPRODUCT($C$47:$C$67,K$47:K$67) -> 0.9528257 | L82: =SUMPRODUCT($C$47:$C$67,L$47:L$67) -> 1.0721614 | M82: =SUMPRODUCT($C$47:$C$67,M$47:M$67) -> 1.6260461 | N82: =SUMPRODUCT($C$47:$C$67,N$47:N$67) -> 2.0535321 | O82: =SUMPRODUCT($C$47:$C$67,O$47:O$67) -> 2.1175143 | Q82: =SUMPRODUCT($C$47:$C$67,Q$47:Q$67) -> -0.17121613 | R82: =SUMPRODUCT($C$47:$C$67,R$47:R$67) -> 0.63047164 | S82: =SUMPRODUCT($C$47:$C$67,S$47:S$67) -> 0.73675261 | T82: =SUMPRODUCT($C$47:$C$67,T$47:T$67) -> 1.2775827 | U82: =SUMPRODUCT($C$47:$C$67,U$47:U$67) -> 1.6920139 | V82: =SUMPRODUCT($C$47:$C$67,V$47:V$67) -> 1.7429415 | X82: =SUMPRODUCT($C$47:$C$67,X$47:X$67) -> -0.20833843 | Y82: =SUMPRODUCT($C$47:$C$67,Y$47:Y$67) -> 0.41669518 | Z82: =SUMPRODUCT($C$47:$C$67,Z$47:Z$67) -> 0.34632198 | AA82: =SUMPRODUCT($C$47:$C$67,AA$47:AA$67) -> 0.71049787 | AB82: =SUMPRODUCT($C$47:$C$67,AB$47:AB$67) -> 0.94827495 | AC82: =SUMPRODUCT($C$47:$C$67,AC$47:AC$67) -> 0.82254831 | AE82: =SUMPRODUCT($C$47:$C$67,AE$47:AE$67) -> -1.2053093 | AF82: =SUMPRODUCT($C$47:$C$67,AF$47:AF$67) -> -0.45454909 | AG82: =SUMPRODUCT($C$47:$C$67,AG$47:AG$67) -> -0.39919565 | AH82: =SUMPRODUCT($C$47:$C$67,AH$47:AH$67) -> 0.090706877 | AI82: =SUMPRODUCT($C$47:$C$67,AI$47:AI$67) -> 0.4542106 | AJ82: =SUMPRODUCT($C$47:$C$67,AJ$47:AJ$67) -> 0.4542106
E83: =_xlfn.TEXTJOIN("",TRUE,F83:G83) -> T3lambda | F83: T3 | G83: lambda | I83: 父職効果 | J83: =SUMPRODUCT($C$57:$C$66,J57:J66) -> 1.3433926 | K83: =SUMPRODUCT($C$57:$C$66,K57:K66) -> 1.4073748 | L83: =SUMPRODUCT($C$57:$C$66,L57:L66) -> 1.471357 | M83: =SUMPRODUCT($C$57:$C$66,M57:M66) -> 1.5353392 | N83: =SUMPRODUCT($C$57:$C$66,N57:N66) -> 1.5993215 | O83: =SUMPRODUCT($C$57:$C$66,O57:O66) -> 1.6633037 | Q83: =SUMPRODUCT($C$57:$C$66,Q57:Q66) -> 1.0340932 | R83: =SUMPRODUCT($C$57:$C$66,R57:R66) -> 1.0850207 | S83: =SUMPRODUCT($C$57:$C$66,S57:S66) -> 1.1359483 | T83: =SUMPRODUCT($C$57:$C$66,T57:T66) -> 1.1868758 | U83: =SUMPRODUCT($C$57:$C$66,U57:U66) -> 1.2378033 | V83: =SUMPRODUCT($C$57:$C$66,V57:V66) -> 1.2887309 | X83: =SUMPRODUCT($C$57:$C$66,X57:X66) -> 0.99697091 | Y83: =SUMPRODUCT($C$57:$C$66,Y57:Y66) -> 0.87124427 | Z83: =SUMPRODUCT($C$57:$C$66,Z57:Z66) -> 0.74551763 | AA83: =SUMPRODUCT($C$57:$C$66,AA57:AA66) -> 0.61979099 | AB83: =SUMPRODUCT($C$57:$C$66,AB57:AB66) -> 0.49406435 | AC83: =SUMPRODUCT($C$57:$C$66,AC57:AC66) -> 0.36833771 | AE83: =SUMPRODUCT($C$57:$C$66,AE57:AE66) -> 0 | AF83: =SUMPRODUCT($C$57:$C$66,AF57:AF66) -> 0 | AG83: =SUMPRODUCT($C$57:$C$66,AG57:AG66) -> 0 | AH83: =SUMPRODUCT($C$57:$C$66,AH57:AH66) -> 0 | AI83: =SUMPRODUCT($C$57:$C$66,AI57:AI66) -> 0 | AJ83: =SUMPRODUCT($C$57:$C$66,AJ57:AJ66) -> 0
E84: =_xlfn.TEXTJOIN("",TRUE,F84:G84) -> T3p | F84: T3 | G84: p | I84: 進学率 | J84: =EXP(J82)/(1+EXP(J82)+EXP(J77)) -> 0.32563098 | K84: =EXP(K82)/(1+EXP(K82)+EXP(K77)) -> 0.42385942 | L84: =EXP(L82)/(1+EXP(L82)+EXP(L77)) -> 0.44235928 | M84: =EXP(M82)/(1+EXP(M82)+EXP(M77)) -> 0.53977531 | N84: =EXP(N82)/(1+EXP(N82)+EXP(N77)) -> 0.66451464 | O84: =EXP(O82)/(1+EXP(O82)+EXP(O77)) -> 0.68917608 | Q84: =EXP(Q82)/(1+EXP(Q82)+EXP(Q77)) -> 0.29151066 | R84: =EXP(R82)/(1+EXP(R82)+EXP(R77)) -> 0.38957263 | S84: =EXP(S82)/(1+EXP(S82)+EXP(S77)) -> 0.40336755 | T84: =EXP(T82)/(1+EXP(T82)+EXP(T77)) -> 0.49718517 | U84: =EXP(U82)/(1+EXP(U82)+EXP(U77)) -> 0.61905097 | V84: =EXP(V82)/(1+EXP(V82)+EXP(V77)) -> 0.63970057 | X84: =EXP(X82)/(1+EXP(X82)+EXP(X77)) -> 0.28441904 | Y84: =EXP(Y82)/(1+EXP(Y82)+EXP(Y77)) -> 0.35346709 | Z84: =EXP(Z82)/(1+EXP(Z82)+EXP(Z77)) -> 0.33943286 | AA84: =EXP(AA82)/(1+EXP(AA82)+EXP(AA77)) -> 0.40245813 | AB84: =EXP(AB82)/(1+EXP(AB82)+EXP(AB77)) -> 0.49318196 | AC84: =EXP(AC82)/(1+EXP(AC82)+EXP(AC77)) -> 0.48298217 | AE84: =EXP(AE82)/(1+EXP(AE82)+EXP(AE77)) -> 0.16386235 | AF84: =EXP(AF82)/(1+EXP(AF82)+EXP(AF77)) -> 0.23774089 | AG84: =EXP(AG82)/(1+EXP(AG82)+EXP(AG77)) -> 0.23571966 | AH84: =EXP(AH82)/(1+EXP(AH82)+EXP(AH77)) -> 0.29957252 | AI84: =EXP(AI82)/(1+EXP(AI82)+EXP(AI77)) -> 0.38963504 | AJ84: =EXP(AJ82)/(1+EXP(AJ82)+EXP(AJ77)) -> 0.38963504
E85: =_xlfn.TEXTJOIN("",TRUE,F85:G85) -> T3p* | F85: T3 | G85: p* | I85: p*_3 | J85: {=(J84:O84+$AE84:$AJ84)/2} -> 0.24474667 | K85: 0.33080016 | L85: 0.33903947 | M85: 0.41967392 | N85: 0.52707484 | O85: 0.53940556 | Q85: {=(Q84:V84+$AE84:$AJ84)/2} -> 0.22768651 | R85: 0.31365676 | S85: 0.3195436 | T85: 0.39837884 | U85: 0.50434301 | V85: 0.51466781 | X85: {=(X84:AC84+$AE84:$AJ84)/2} -> 0.2241407 | Y85: 0.29560399 | Z85: 0.28757626 | AA85: 0.35101532 | AB85: 0.4414085 | AC85: 0.43630861 | AE85: {=(AE84:AJ84+$AE84:$AJ84)/2} -> 0.16386235 | AF85: 0.23774089 | AG85: 0.23571966 | AH85: 0.29957252 | AI85: 0.38963504 | AJ85: 0.38963504
E86: =_xlfn.TEXTJOIN("",TRUE,F86:G86)
E87: =_xlfn.TEXTJOIN("",TRUE,F87:G87) -> T1e^lambda-1 | F87: T1 | G87: e^lambda-1 | I87: effect1 | J87: {=EXP(J73:O73)-1} -> 9.6687044 | K87: 8.1021073 | L87: 6.76555 | M87: 5.6252534 | N87: 4.6523983 | O87: 3.8223978 | Q87: {=EXP(Q73:V73)-1} -> 1.5094626 | R87: 1.9625376 | S87: 2.4974139 | T87: 3.1288603 | U87: 3.8743123 | V87: 4.7543531 | X87: {=EXP(X73:AC73)-1} -> 0.83287739 | Y87: 0.41806627 | Z87: 0.097133916 | AA87: -0.15116603 | AB87: -0.34327149 | AC87: -0.49190025 | AE87: =EXP(AE73)-1 -> 0 | AF87: =EXP(AF73)-1 -> 0 | AG87: =EXP(AG73)-1 -> 0 | AH87: =EXP(AH73)-1 -> 0 | AI87: =EXP(AI73)-1 -> 0 | AJ87: =EXP(AJ73)-1 -> 0
E88: =_xlfn.TEXTJOIN("",TRUE,F88:G88) -> T2e^lambda-1 | F88: T2 | G88: e^lambda-1 | I88: effect2 | J88: {=EXP(J78:O78)-1} -> 1.6053588 | K88: 1.4389674 | L88: 1.2832026 | M88: 1.1373857 | N88: 1.0008815 | O88: 0.87309504 | Q88: {=EXP(Q78:V78)-1} -> 0.98191152 | R88: 0.87750222 | S88: 0.77859333 | T88: 0.68489506 | U88: 0.59613292 | V88: 0.51204687 | X88: {=EXP(X78:AC78)-1} -> 0.97210706 | Y88: 0.71444611 | Z88: 0.49044924 | AA88: 0.29571815 | AB88: 0.12642918 | AC88: -0.020741739 | AE88: =EXP(AE78)-1 -> 0 | AF88: =EXP(AF78)-1 -> 0 | AG88: =EXP(AG78)-1 -> 0 | AH88: =EXP(AH78)-1 -> 0 | AI88: =EXP(AI78)-1 -> 0 | AJ88: =EXP(AJ78)-1 -> 0
E89: =_xlfn.TEXTJOIN("",TRUE,F89:G89) -> T3e^lambda-1 | F89: T3 | G89: e^lambda-1 | I89: effect3 | J89: {=EXP(J83:O83)-1} -> 2.8320219 | K89: 3.0852168 | L89: 3.3551411 | M89: 3.6429003 | N89: 3.9496728 | O89: 4.2767147 | Q89: {=EXP(Q83:V83)-1} -> 1.8125547 | R89: 1.9595012 | S89: 2.1141252 | T89: 2.2768277 | U89: 2.4480309 | V89: 2.628179 | X89: {=EXP(X83:AC83)-1} -> 1.7100604 | Y89: 1.3898827 | Z89: 1.1075321 | AA89: 0.85853955 | AB89: 0.63896403 | AC89: 0.44533007 | AE89: =EXP(AE83)-1 -> 0 | AF89: =EXP(AF83)-1 -> 0 | AG89: =EXP(AG83)-1 -> 0 | AH89: =EXP(AH83)-1 -> 0 | AI89: =EXP(AI83)-1 -> 0 | AJ89: =EXP(AJ83)-1 -> 0
E90: =_xlfn.TEXTJOIN("",TRUE,F90:G90)
E91: =_xlfn.TEXTJOIN("",TRUE,F91:G91) -> T1R | F91: T1 | G91: R | I91: Risk1 | J91: 1 | K91: 1 | L91: 1 | M91: 1 | N91: 1 | O91: 1 | Q91: 1 | R91: 1 | S91: 1 | T91: 1 | U91: 1 | V91: 1 | X91: 1 | Y91: 1 | Z91: 1 | AA91: 1 | AB91: 1 | AC91: 1 | AE91: 1 | AF91: 1 | AG91: 1 | AH91: 1 | AI91: 1 | AJ91: 1
E92: =_xlfn.TEXTJOIN("",TRUE,F92:G92) -> T2R | F92: T2 | G92: R | I92: Risk2 | J92: {=_xlfn.ANCHORARRAY(J$75)} -> 0.9486319 | K92: 0.98902029 | L92: 0.99674204 | M92: 0.99463266 | N92: 0.99499732 | O92: 0.99486735 | Q92: {=_xlfn.ANCHORARRAY(Q$75)} -> 0.93373105 | R92: 0.98674705 | S92: 0.99628718 | T92: 0.99420511 | U92: 0.99487678 | V92: 0.99501071 | X92: {=_xlfn.ANCHORARRAY(X$75)} -> 0.92685512 | Y92: 0.98311992 | Z92: 0.99448481 | AA92: 0.98986231 | AB92: 0.98931676 | AC92: 0.98746501 | AE92: {=_xlfn.ANCHORARRAY(AE$75)} -> 0.90680501 | AF92: 0.98024931 | AG92: 0.99423076 | AH92: 0.99068285 | AI92: 0.99150766 | AJ92: 0.99150766
E93: =_xlfn.TEXTJOIN("",TRUE,F93:G93) -> T3R | F93: T3 | G93: R | I93: Risk3 | J93: {=_xlfn.ANCHORARRAY(J$75)} -> 0.9486319 | K93: 0.98902029 | L93: 0.99674204 | M93: 0.99463266 | N93: 0.99499732 | O93: 0.99486735 | Q93: {=_xlfn.ANCHORARRAY(Q$75)} -> 0.93373105 | R93: 0.98674705 | S93: 0.99628718 | T93: 0.99420511 | U93: 0.99487678 | V93: 0.99501071 | X93: {=_xlfn.ANCHORARRAY(X$75)} -> 0.92685512 | Y93: 0.98311992 | Z93: 0.99448481 | AA93: 0.98986231 | AB93: 0.98931676 | AC93: 0.98746501 | AE93: {=_xlfn.ANCHORARRAY(AE$75)} -> 0.90680501 | AF93: 0.98024931 | AG93: 0.99423076 | AH93: 0.99068285 | AI93: 0.99150766 | AJ93: 0.99150766
E94: =_xlfn.TEXTJOIN("",TRUE,F94:G94)
E95: =_xlfn.TEXTJOIN("",TRUE,F95:G95) -> T1D | F95: T1 | G95: D | I95: p_1(1-q_1) | J95: {=$AE$74:$AJ$74*(1-J74:O74)} -> 0.0086520159 | K95: 0.0021651104 | L95: 0.00074237247 | M95: 0.0014043149 | N95: 0.0015001587 | O95: 0.0017578987 | Q95: {=$AE$74:$AJ$74*(1-Q74:V74)} -> 0.035676337 | R95: 0.0066217796 | S95: 0.0016468403 | T95: 0.0022514626 | U95: 0.0017392088 | V95: 0.0014736186 | X95: {=$AE$74:$AJ$74*(1-X74:AC74)} -> 0.048146606 | Y95: 0.013732782 | Z95: 0.0052307976 | AA95: 0.010856127 | AB95: 0.012764806 | AC95: 0.016436852 | AE95: {=AE74:AJ74*(1-$AE74:$AJ74)} -> 0.084509687 | AF95: 0.019360601 | AG95: 0.0057359542 | AH95: 0.00923034 | AI95: 0.0084202234 | AJ95: 0.0084202234
E96: =_xlfn.TEXTJOIN("",TRUE,F96:G96) -> T2D | F96: T2 | G96: D | I96: P_2*(1-P2) | J96: {=$AE$79:$AJ$79*(1-J79:O79)} -> 0.17619875 | K96: 0.22770845 | L96: 0.24517178 | M96: 0.27571327 | N96: 0.27213754 | O96: 0.28024827 | Q96: {=$AE$79:$AJ$79*(1-Q79:V79)} -> 0.18435302 | R96: 0.23144489 | S96: 0.24627884 | T96: 0.27136108 | U96: 0.26607198 | V96: 0.27282429 | X96: {=$AE$79:$AJ$79*(1-X79:AC79)} -> 0.18356001 | Y96: 0.22738262 | Z96: 0.23928526 | AA96: 0.25619576 | AB96: 0.24835805 | AC96: 0.25232036 | AE96: {=AE79:AJ79*(1-$AE79:$AJ79)} -> 0.20556306 | AF96: 0.23739032 | AG96: 0.24241545 | AH96: 0.24464648 | AI96: 0.23122184 | AJ96: 0.23122184
E97: =_xlfn.TEXTJOIN("",TRUE,F97:G97) -> T3D | F97: T3 | G97: D | I97: p_3(1-q_3) | J97: {=$AE$84:$AJ$84*(1-J84:O84)} -> 0.11050369 | K97: 0.13697217 | L97: 0.13144688 | M97: 0.13787067 | N97: 0.13071685 | O97: 0.12110789 | Q97: {=$AE$84:$AJ$84*(1-Q84:V84)} -> 0.11609473 | R97: 0.14512355 | S97: 0.140638 | T97: 0.15062951 | U97: 0.14843109 | V97: 0.14038528 | X97: {=$AE$84:$AJ$84*(1-X84:AC84)} -> 0.11725678 | Y97: 0.15370731 | Z97: 0.15570866 | AA97: 0.17900712 | AB97: 0.19747407 | AC97: 0.20144826 | AE97: {=AE84:AJ84*(1-$AE84:$AJ84)} -> 0.13701148 | AF97: 0.18122016 | AG97: 0.1801559 | AH97: 0.20982883 | AI97: 0.23781958 | AJ97: 0.23781958
E98: =_xlfn.TEXTJOIN("",TRUE,F98:G98)
C99: L0 | D99: 9 | E99: =_xlfn.TEXTJOIN("",TRUE,F99:G99) -> T1G | F99: T1 | G99: G | I99: G1 | J99: {=($D$100-$D$99)+_xlfn.ANCHORARRAY(J80)*($D$101-$D$100)+_xlfn.ANCHORARRAY(J85)*($D$102-$D$100)} -> 4.6589219 | K99: 5.1235871 | L99: 5.1753039 | M99: 5.4595757 | N99: 5.7215067 | O99: 5.7484839 | Q99: {=($D$100-$D$99)+_xlfn.ANCHORARRAY(Q80)*($D$101-$D$100)+_xlfn.ANCHORARRAY(Q85)*($D$102-$D$100)} -> 4.5624852 | R99: 5.0453762 | S99: 5.0946393 | T99: 5.3845919 | U99: 5.6472905 | V99: 5.6699865 | X99: {=($D$100-$D$99)+_xlfn.ANCHORARRAY(X80)*($D$101-$D$100)+_xlfn.ANCHORARRAY(X85)*($D$102-$D$100)} -> 4.551044 | Y99: 4.9836428 | Z99: 4.9837072 | AA99: 5.2306677 | AB99: 5.4443556 | AC99: 5.4130396 | AE99: {=($D$100-$D$99)+_xlfn.ANCHORARRAY(AE80)*($D$101-$D$100)+_xlfn.ANCHORARRAY(AE85)*($D$102-$D$100)} -> 4.233848 | AF99: 4.7263779 | AG99: 4.7687 | AH99: 5.0519546 | AI99: 5.2844733 | AJ99: 5.2844733
C100: L1 | D100: 12 | E100: =_xlfn.TEXTJOIN("",TRUE,F100:G100) -> T2G | F100: T2 | G100: G | I100: G2 | J100: {=($D$101-$D$100)-J84:O84/(1-J79:O79)*($D$102-$D$100)} -> -0.13786425 | K100: -0.88673238 | L100: -0.98003092 | M100: -1.3425091 | N100: -1.5452161 | O100: -1.5703754 | Q100: {=($D$101-$D$100)-Q84:V84/(1-Q79:V79)*($D$102-$D$100)} -> 0.17079909 | R100: -0.61038559 | S100: -0.70514134 | T100: -1.1281521 | U100: -1.3779553 | V100: -1.4042412 | X100: {=($D$101-$D$100)-X84:AC84/(1-X79:AC79)*($D$102-$D$100)} -> 0.20758811 | Y100: -0.41076866 | Z100: -0.34290154 | AA100: -0.68204464 | AB100: -0.8830725 | AC100: -0.77910803 | AE100: {=($D$101-$D$100)-AE84:AJ84/(1-AE79:AJ79)*($D$102-$D$100)} -> 1.0778717 | AF100: 0.4468811 | AG100: 0.39397756 | AH100: -0.090644735 | AI100: -0.44655949 | AJ100: -0.44655949
C101: L2 | D101: 14 | E101: =_xlfn.TEXTJOIN("",TRUE,F101:G101) -> T3G | F101: T3 | G101: G | I101: G3 | J101: {=($D$102-$D$100)-J79:O79/(1-J84:O84)*($D$101-$D$100)} -> 2.8411807 | K101: 2.5674354 | L101: 2.5430213 | M101: 2.4614134 | N101: 2.5081867 | O101: 2.5336063 | Q101: {=($D$102-$D$100)-Q79:V79/(1-Q84:V84)*($D$101-$D$100)} -> 2.9765834 | R101: 2.6794759 | S101: 2.6472268 | T101: 2.5511794 | U101: 2.5984905 | V101: 2.6214316 | X101: {=($D$102-$D$100)-X79:AC79/(1-X84:AC84)*($D$101-$D$100)} -> 2.9790618 | Y101: 2.7208085 | Z101: 2.7268774 | AA101: 2.6619376 | AB101: 2.7539708 | AC101: 2.8207812 | AE101: {=($D$102-$D$100)-AE79:AJ79/(1-AE84:AJ84)*($D$101-$D$100)} -> 3.3082496 | AF101: 2.9827418 | AG101: 2.9194785 | AH101: 2.7812235 | AI101: 2.8106572 | AJ101: 2.8106572
...

Sheet Sheet2
G1: =_xlfn.TEXTJOIN("",TRUE,G3:G4) -> I+II1950s | H1: =_xlfn.TEXTJOIN("",TRUE,H3:H4) -> IIIab1950s | I1: =_xlfn.TEXTJOIN("",TRUE,I3:I4) -> IVab1950s | J1: =_xlfn.TEXTJOIN("",TRUE,J3:J4) -> V+VI+VIIab1950s | K1: =_xlfn.TEXTJOIN("",TRUE,K3:K4) | L1: =_xlfn.TEXTJOIN("",TRUE,L3:L4) -> I+II1960s | M1: =_xlfn.TEXTJOIN("",TRUE,M3:M4) -> IIIab1960s | N1: =_xlfn.TEXTJOIN("",TRUE,N3:N4) -> IVab1960s | ... Y1: =_xlfn.TEXTJOIN("",TRUE,Y3:Y4) -> V+VI+VIIab1980s
G3: I+II | H3: IIIab | I3: IVab | J3: V+VI+VIIab | L3: I+II | M3: IIIab | N3: IVab | O3: V+VI+VIIab | Q3: I+II | R3: IIIab | S3: IVab | T3: V+VI+VIIab | V3: I+II | W3: IIIab | X3: IVab | Y3: V+VI+VIIab
G4: 1950s | H4: 1950s | I4: 1950s | J4: 1950s | L4: 1960s | M4: 1960s | N4: 1960s | O4: 1960s | Q4: 1970s | R4: 1970s | S4: 1970s | T4: 1970s | V4: 1980s | W4: 1980s | X4: 1980s | Y4: 1980s
E8: Men | G8: 1950s | L8: 1960s | Q8: 1970s | V8: 1980s
G9: I+II | H9: IIIab | I9: IVab | J9: V+VI+VIIab | L9: I+II | M9: IIIab | N9: IVab | O9: V+VI+VIIab | Q9: I+II | R9: IIIab | S9: IVab | T9: V+VI+VIIab | V9: I+II | W9: IIIab | X9: IVab | Y9: V+VI+VIIab
A10: =_xlfn.TEXTJOIN("",TRUE,B10:C10) -> T1lambda | B10: T1 | C10: lambda | E10: T1 | F10: coefficient | G10: =INDEX(Sheet1!$E$69:$AJ$150,MATCH($A10,Sheet1!$E$69:$E$150,0),MATCH(G$1,Sheet1!$E$69:$AJ$69,0)) -> 2.208506 | H10: =INDEX(Sheet1!$E$69:$AJ$150,MATCH($A10,Sheet1!$E$69:$E$150,0),MATCH(H$1,Sheet1!$E$69:$AJ$69,0)) -> 1.0860462 | I10: =INDEX(Sheet1!$E$69:$AJ$150,MATCH($A10,Sheet1!$E$69:$E$150,0),MATCH(I$1,Sheet1!$E$69:$AJ$69,0)) -> 0.34929416 | J10: =INDEX(Sheet1!$E$69:$AJ$150,MATCH($A10,Sheet1!$E$69:$E$150,0),MATCH(J$1,Sheet1!$E$69:$AJ$69,0)) -> 0 | L10: =INDEX(Sheet1!$E$69:$AJ$150,MATCH($A10,Sheet1!$E$69:$E$150,0),MATCH(L$1,Sheet1!$E$69:$AJ$69,0)) -> 2.0496973 | M10: =INDEX(Sheet1!$E$69:$AJ$150,MATCH($A10,Sheet1!$E$69:$E$150,0),MATCH(M$1,Sheet1!$E$69:$AJ$69,0)) -> 1.2520238 | N10: =INDEX(Sheet1!$E$69:$AJ$150,MATCH($A10,Sheet1!$E$69:$E$150,0),MATCH(N$1,Sheet1!$E$69:$AJ$69,0)) -> 0.092701248 | O10: =INDEX(Sheet1!$E$69:$AJ$150,MATCH($A10,Sheet1!$E$69:$E$150,0),MATCH(O$1,Sheet1!$E$69:$AJ$69,0)) -> 0 | Q10: =INDEX(Sheet1!$E$69:$AJ$150,MATCH($A10,Sheet1!$E$69:$E$150,0),MATCH(Q$1,Sheet1!$E$69:$AJ$69,0)) -> 1.8908886 | R10: =INDEX(Sheet1!$E$69:$AJ$150,MATCH($A10,Sheet1!$E$69:$E$150,0),MATCH(R$1,Sheet1!$E$69:$AJ$69,0)) -> 1.4180014 | S10: =INDEX(Sheet1!$E$69:$AJ$150,MATCH($A10,Sheet1!$E$69:$E$150,0),MATCH(S$1,Sheet1!$E$69:$AJ$69,0)) -> -0.16389167 | T10: =INDEX(Sheet1!$E$69:$AJ$150,MATCH($A10,Sheet1!$E$69:$E$150,0),MATCH(T$1,Sheet1!$E$69:$AJ$69,0)) -> 0 | V10: =INDEX(Sheet1!$E$69:$AJ$150,MATCH($A10,Sheet1!$E$69:$E$150,0),MATCH(V$1,Sheet1!$E$69:$AJ$69,0)) -> 1.7320799 | W10: =INDEX(Sheet1!$E$69:$AJ$150,MATCH($A10,Sheet1!$E$69:$E$150,0),MATCH(W$1,Sheet1!$E$69:$AJ$69,0)) -> 1.583979 | X10: =INDEX(Sheet1!$E$69:$AJ$150,MATCH($A10,Sheet1!$E$69:$E$150,0),MATCH(X$1,Sheet1!$E$69:$AJ$69,0)) -> -0.42048458 | Y10: =INDEX(Sheet1!$E$69:$AJ$150,MATCH($A10,Sheet1!$E$69:$E$150,0),MATCH(Y$1,Sheet1!$E$69:$AJ$69,0)) -> 0
A11: =_xlfn.TEXTJOIN("",TRUE,B11:C11) -> T1e^lambda-1 | B11: T1 | C11: e^lambda-1 | F11: Effect | G11: =INDEX(Sheet1!$E$69:$AJ$150,MATCH($A11,Sheet1!$E$69:$E$150,0),MATCH(G$1,Sheet1!$E$69:$AJ$69,0)) -> 8.1021073 | H11: =INDEX(Sheet1!$E$69:$AJ$150,MATCH($A11,Sheet1!$E$69:$E$150,0),MATCH(H$1,Sheet1!$E$69:$AJ$69,0)) -> 1.9625376 | I11: =INDEX(Sheet1!$E$69:$AJ$150,MATCH($A11,Sheet1!$E$69:$E$150,0),MATCH(I$1,Sheet1!$E$69:$AJ$69,0)) -> 0.41806627 | J11: =INDEX(Sheet1!$E$69:$AJ$150,MATCH($A11,Sheet1!$E$69:$E$150,0),MATCH(J$1,Sheet1!$E$69:$AJ$69,0)) -> 0 | L11: =INDEX(Sheet1!$E$69:$AJ$150,MATCH($A11,Sheet1!$E$69:$E$150,0),MATCH(L$1,Sheet1!$E$69:$AJ$69,0)) -> 6.76555 | M11: =INDEX(Sheet1!$E$69:$AJ$150,MATCH($A11,Sheet1!$E$69:$E$150,0),MATCH(M$1,Sheet1!$E$69:$AJ$69,0)) -> 2.4974139 | N11: =INDEX(Sheet1!$E$69:$AJ$150,MATCH($A11,Sheet1!$E$69:$E$150,0),MATCH(N$1,Sheet1!$E$69:$AJ$69,0)) -> 0.097133916 | O11: =INDEX(Sheet1!$E$69:$AJ$150,MATCH($A11,Sheet1!$E$69:$E$150,0),MATCH(O$1,Sheet1!$E$69:$AJ$69,0)) -> 0 | Q11: =INDEX(Sheet1!$E$69:$AJ$150,MATCH($A11,Sheet1!$E$69:$E$150,0),MATCH(Q$1,Sheet1!$E$69:$AJ$69,0)) -> 5.6252534 | R11: =INDEX(Sheet1!$E$69:$AJ$150,MATCH($A11,Sheet1!$E$69:$E$150,0),MATCH(R$1,Sheet1!$E$69:$AJ$69,0)) -> 3.1288603 | S11: =INDEX(Sheet1!$E$69:$AJ$150,MATCH($A11,Sheet1!$E$69:$E$150,0),MATCH(S$1,Sheet1!$E$69:$AJ$69,0)) -> -0.15116603 | T11: =INDEX(Sheet1!$E$69:$AJ$150,MATCH($A11,Sheet1!$E$69:$E$150,0),MATCH(T$1,Sheet1!$E$69:$AJ$69,0)) -> 0 | V11: =INDEX(Sheet1!$E$69:$AJ$150,MATCH($A11,Sheet1!$E$69:$E$150,0),MATCH(V$1,Sheet1!$E$69:$AJ$69,0)) -> 4.6523983 | W11: =INDEX(Sheet1!$E$69:$AJ$150,MATCH($A11,Sheet1!$E$69:$E$150,0),MATCH(W$1,Sheet1!$E$69:$AJ$69,0)) -> 3.8743123 | X11: =INDEX(Sheet1!$E$69:$AJ$150,MATCH($A11,Sheet1!$E$69:$E$150,0),MATCH(X$1,Sheet1!$E$69:$AJ$69,0)) -> -0.34327149 | Y11: =INDEX(Sheet1!$E$69:$AJ$150,MATCH($A11,Sheet1!$E$69:$E$150,0),MATCH(Y$1,Sheet1!$E$69:$AJ$69,0)) -> 0
A12: =_xlfn.TEXTJOIN("",TRUE,B12:C12) -> T1R | B12: T1 | C12: R | F12: At Risk | G12: =INDEX(Sheet1!$E$69:$AJ$150,MATCH($A12,Sheet1!$E$69:$E$150,0),MATCH(G$1,Sheet1!$E$69:$AJ$69,0)) -> 1 | H12: =INDEX(Sheet1!$E$69:$AJ$150,MATCH($A12,Sheet1!$E$69:$E$150,0),MATCH(H$1,Sheet1!$E$69:$AJ$69,0)) -> 1 | I12: =INDEX(Sheet1!$E$69:$AJ$150,MATCH($A12,Sheet1!$E$69:$E$150,0),MATCH(I$1,Sheet1!$E$69:$AJ$69,0)) -> 1 | J12: =INDEX(Sheet1!$E$69:$AJ$150,MATCH($A12,Sheet1!$E$69:$E$150,0),MATCH(J$1,Sheet1!$E$69:$AJ$69,0)) -> 1 | L12: =INDEX(Sheet1!$E$69:$AJ$150,MATCH($A12,Sheet1!$E$69:$E$150,0),MATCH(L$1,Sheet1!$E$69:$AJ$69,0)) -> 1 | M12: =INDEX(Sheet1!$E$69:$AJ$150,MATCH($A12,Sheet1!$E$69:$E$150,0),MATCH(M$1,Sheet1!$E$69:$AJ$69,0)) -> 1 | N12: =INDEX(Sheet1!$E$69:$AJ$150,MATCH($A12,Sheet1!$E$69:$E$150,0),MATCH(N$1,Sheet1!$E$69:$AJ$69,0)) -> 1 | O12: =INDEX(Sheet1!$E$69:$AJ$150,MATCH($A12,Sheet1!$E$69:$E$150,0),MATCH(O$1,Sheet1!$E$69:$AJ$69,0)) -> 1 | Q12: =INDEX(Sheet1!$E$69:$AJ$150,MATCH($A12,Sheet1!$E$69:$E$150,0),MATCH(Q$1,Sheet1!$E$69:$AJ$69,0)) -> 1 | R12: =INDEX(Sheet1!$E$69:$AJ$150,MATCH($A12,Sheet1!$E$69:$E$150,0),MATCH(R$1,Sheet1!$E$69:$AJ$69,0)) -> 1 | S12: =INDEX(Sheet1!$E$69:$AJ$150,MATCH($A12,Sheet1!$E$69:$E$150,0),MATCH(S$1,Sheet1!$E$69:$AJ$69,0)) -> 1 | T12: =INDEX(Sheet1!$E$69:$AJ$150,MATCH($A12,Sheet1!$E$69:$E$150,0),MATCH(T$1,Sheet1!$E$69:$AJ$69,0)) -> 1 | V12: =INDEX(Sheet1!$E$69:$AJ$150,MATCH($A12,Sheet1!$E$69:$E$150,0),MATCH(V$1,Sheet1!$E$69:$AJ$69,0)) -> 1 | W12: =INDEX(Sheet1!$E$69:$AJ$150,MATCH($A12,Sheet1!$E$69:$E$150,0),MATCH(W$1,Sheet1!$E$69:$AJ$69,0)) -> 1 | X12: =INDEX(Sheet1!$E$69:$AJ$150,MATCH($A12,Sheet1!$E$69:$E$150,0),MATCH(X$1,Sheet1!$E$69:$AJ$69,0)) -> 1 | Y12: =INDEX(Sheet1!$E$69:$AJ$150,MATCH($A12,Sheet1!$E$69:$E$150,0),MATCH(Y$1,Sheet1!$E$69:$AJ$69,0)) -> 1
A13: =_xlfn.TEXTJOIN("",TRUE,B13:C13) -> T1D | B13: T1 | C13: D | F13: Differenciate | G13: =INDEX(Sheet1!$E$69:$AJ$150,MATCH($A13,Sheet1!$E$69:$E$150,0),MATCH(G$1,Sheet1!$E$69:$AJ$69,0)) -> 0.0021651104 | H13: =INDEX(Sheet1!$E$69:$AJ$150,MATCH($A13,Sheet1!$E$69:$E$150,0),MATCH(H$1,Sheet1!$E$69:$AJ$69,0)) -> 0.0066217796 | I13: =INDEX(Sheet1!$E$69:$AJ$150,MATCH($A13,Sheet1!$E$69:$E$150,0),MATCH(I$1,Sheet1!$E$69:$AJ$69,0)) -> 0.013732782 | J13: =INDEX(Sheet1!$E$69:$AJ$150,MATCH($A13,Sheet1!$E$69:$E$150,0),MATCH(J$1,Sheet1!$E$69:$AJ$69,0)) -> 0.019360601 | L13: =INDEX(Sheet1!$E$69:$AJ$150,MATCH($A13,Sheet1!$E$69:$E$150,0),MATCH(L$1,Sheet1!$E$69:$AJ$69,0)) -> 0.00074237247 | M13: =INDEX(Sheet1!$E$69:$AJ$150,MATCH($A13,Sheet1!$E$69:$E$150,0),MATCH(M$1,Sheet1!$E$69:$AJ$69,0)) -> 0.0016468403 | N13: =INDEX(Sheet1!$E$69:$AJ$150,MATCH($A13,Sheet1!$E$69:$E$150,0),MATCH(N$1,Sheet1!$E$69:$AJ$69,0)) -> 0.0052307976 | O13: =INDEX(Sheet1!$E$69:$AJ$150,MATCH($A13,Sheet1!$E$69:$E$150,0),MATCH(O$1,Sheet1!$E$69:$AJ$69,0)) -> 0.0057359542 | Q13: =INDEX(Sheet1!$E$69:$AJ$150,MATCH($A13,Sheet1!$E$69:$E$150,0),MATCH(Q$1,Sheet1!$E$69:$AJ$69,0)) -> 0.0014043149 | R13: =INDEX(Sheet1!$E$69:$AJ$150,MATCH($A13,Sheet1!$E$69:$E$150,0),MATCH(R$1,Sheet1!$E$69:$AJ$69,0)) -> 0.0022514626 | S13: =INDEX(Sheet1!$E$69:$AJ$150,MATCH($A13,Sheet1!$E$69:$E$150,0),MATCH(S$1,Sheet1!$E$69:$AJ$69,0)) -> 0.010856127 | T13: =INDEX(Sheet1!$E$69:$AJ$150,MATCH($A13,Sheet1!$E$69:$E$150,0),MATCH(T$1,Sheet1!$E$69:$AJ$69,0)) -> 0.00923034 | V13: =INDEX(Sheet1!$E$69:$AJ$150,MATCH($A13,Sheet1!$E$69:$E$150,0),MATCH(V$1,Sheet1!$E$69:$AJ$69,0)) -> 0.0015001587 | W13: =INDEX(Sheet1!$E$69:$AJ$150,MATCH($A13,Sheet1!$E$69:$E$150,0),MATCH(W$1,Sheet1!$E$69:$AJ$69,0)) -> 0.0017392088 | X13: =INDEX(Sheet1!$E$69:$AJ$150,MATCH($A13,Sheet1!$E$69:$E$150,0),MATCH(X$1,Sheet1!$E$69:$AJ$69,0)) -> 0.012764806 | Y13: =INDEX(Sheet1!$E$69:$AJ$150,MATCH($A13,Sheet1!$E$69:$E$150,0),MATCH(Y$1,Sheet1!$E$69:$AJ$69,0)) -> 0.0084202234
A14: =_xlfn.TEXTJOIN("",TRUE,B14:C14) -> T1G | B14: T1 | C14: G | F14: Gain | G14: =INDEX(Sheet1!$E$69:$AJ$150,MATCH($A14,Sheet1!$E$69:$E$150,0),MATCH(G$1,Sheet1!$E$69:$AJ$69,0)) -> 5.1235871 | H14: =INDEX(Sheet1!$E$69:$AJ$150,MATCH($A14,Sheet1!$E$69:$E$150,0),MATCH(H$1,Sheet1!$E$69:$AJ$69,0)) -> 5.0453762 | I14: =INDEX(Sheet1!$E$69:$AJ$150,MATCH($A14,Sheet1!$E$69:$E$150,0),MATCH(I$1,Sheet1!$E$69:$AJ$69,0)) -> 4.9836428 | J14: =INDEX(Sheet1!$E$69:$AJ$150,MATCH($A14,Sheet1!$E$69:$E$150,0),MATCH(J$1,Sheet1!$E$69:$AJ$69,0)) -> 4.7263779 | L14: =INDEX(Sheet1!$E$69:$AJ$150,MATCH($A14,Sheet1!$E$69:$E$150,0),MATCH(L$1,Sheet1!$E$69:$AJ$69,0)) -> 5.1753039 | M14: =INDEX(Sheet1!$E$69:$AJ$150,MATCH($A14,Sheet1!$E$69:$E$150,0),MATCH(M$1,Sheet1!$E$69:$AJ$69,0)) -> 5.0946393 | N14: =INDEX(Sheet1!$E$69:$AJ$150,MATCH($A14,Sheet1!$E$69:$E$150,0),MATCH(N$1,Sheet1!$E$69:$AJ$69,0)) -> 4.9837072 | O14: =INDEX(Sheet1!$E$69:$AJ$150,MATCH($A14,Sheet1!$E$69:$E$150,0),MATCH(O$1,Sheet1!$E$69:$AJ$69,0)) -> 4.7687 | Q14: =INDEX(Sheet1!$E$69:$AJ$150,MATCH($A14,Sheet1!$E$69:$E$150,0),MATCH(Q$1,Sheet1!$E$69:$AJ$69,0)) -> 5.4595757 | R14: =INDEX(Sheet1!$E$69:$AJ$150,MATCH($A14,Sheet1!$E$69:$E$150,0),MATCH(R$1,Sheet1!$E$69:$AJ$69,0)) -> 5.3845919 | S14: =INDEX(Sheet1!$E$69:$AJ$150,MATCH($A14,Sheet1!$E$69:$E$150,0),MATCH(S$1,Sheet1!$E$69:$AJ$69,0)) -> 5.2306677 | T14: =INDEX(Sheet1!$E$69:$AJ$150,MATCH($A14,Sheet1!$E$69:$E$150,0),MATCH(T$1,Sheet1!$E$69:$AJ$69,0)) -> 5.0519546 | V14: =INDEX(Sheet1!$E$69:$AJ$150,MATCH($A14,Sheet1!$E$69:$E$150,0),MATCH(V$1,Sheet1!$E$69:$AJ$69,0)) -> 5.7215067 | W14: =INDEX(Sheet1!$E$69:$AJ$150,MATCH($A14,Sheet1!$E$69:$E$150,0),MATCH(W$1,Sheet1!$E$69:$AJ$69,0)) -> 5.6472905 | X14: =INDEX(Sheet1!$E$69:$AJ$150,MATCH($A14,Sheet1!$E$69:$E$150,0),MATCH(X$1,Sheet1!$E$69:$AJ$69,0)) -> 5.4443556 | Y14: =INDEX(Sheet1!$E$69:$AJ$150,MATCH($A14,Sheet1!$E$69:$E$150,0),MATCH(Y$1,Sheet1!$E$69:$AJ$69,0)) -> 5.2844733
A15: =_xlfn.TEXTJOIN("",TRUE,B15:C15) -> T1Weight | B15: T1 | C15: Weight | F15: Weight | G15: =INDEX(Sheet1!$E$69:$AJ$150,MATCH($A15,Sheet1!$E$69:$E$150,0),MATCH(G$1,Sheet1!$E$69:$AJ$69,0)) -> 0.011093132 | H15: =INDEX(Sheet1!$E$69:$AJ$150,MATCH($A15,Sheet1!$E$69:$E$150,0),MATCH(H$1,Sheet1!$E$69:$AJ$69,0)) -> 0.033409369 | I15: =INDEX(Sheet1!$E$69:$AJ$150,MATCH($A15,Sheet1!$E$69:$E$150,0),MATCH(I$1,Sheet1!$E$69:$AJ$69,0)) -> 0.068439278 | J15: =INDEX(Sheet1!$E$69:$AJ$150,MATCH($A15,Sheet1!$E$69:$E$150,0),MATCH(J$1,Sheet1!$E$69:$AJ$69,0)) -> 0.091505518 | L15: =INDEX(Sheet1!$E$69:$AJ$150,MATCH($A15,Sheet1!$E$69:$E$150,0),MATCH(L$1,Sheet1!$E$69:$AJ$69,0)) -> 0.0038420031 | M15: =INDEX(Sheet1!$E$69:$AJ$150,MATCH($A15,Sheet1!$E$69:$E$150,0),MATCH(M$1,Sheet1!$E$69:$AJ$69,0)) -> 0.0083900572 | N15: =INDEX(Sheet1!$E$69:$AJ$150,MATCH($A15,Sheet1!$E$69:$E$150,0),MATCH(N$1,Sheet1!$E$69:$AJ$69,0)) -> 0.026068764 | O15: =INDEX(Sheet1!$E$69:$AJ$150,MATCH($A15,Sheet1!$E$69:$E$150,0),MATCH(O$1,Sheet1!$E$69:$AJ$69,0)) -> 0.027353045 | Q15: =INDEX(Sheet1!$E$69:$AJ$150,MATCH($A15,Sheet1!$E$69:$E$150,0),MATCH(Q$1,Sheet1!$E$69:$AJ$69,0)) -> 0.0076669635 | R15: =INDEX(Sheet1!$E$69:$AJ$150,MATCH($A15,Sheet1!$E$69:$E$150,0),MATCH(R$1,Sheet1!$E$69:$AJ$69,0)) -> 0.012123207 | S15: =INDEX(Sheet1!$E$69:$AJ$150,MATCH($A15,Sheet1!$E$69:$E$150,0),MATCH(S$1,Sheet1!$E$69:$AJ$69,0)) -> 0.056784796 | T15: =INDEX(Sheet1!$E$69:$AJ$150,MATCH($A15,Sheet1!$E$69:$E$150,0),MATCH(T$1,Sheet1!$E$69:$AJ$69,0)) -> 0.046631259 | V15: =INDEX(Sheet1!$E$69:$AJ$150,MATCH($A15,Sheet1!$E$69:$E$150,0),MATCH(V$1,Sheet1!$E$69:$AJ$69,0)) -> 0.0085831678 | W15: =INDEX(Sheet1!$E$69:$AJ$150,MATCH($A15,Sheet1!$E$69:$E$150,0),MATCH(W$1,Sheet1!$E$69:$AJ$69,0)) -> 0.0098218173 | X15: =INDEX(Sheet1!$E$69:$AJ$150,MATCH($A15,Sheet1!$E$69:$E$150,0),MATCH(X$1,Sheet1!$E$69:$AJ$69,0)) -> 0.069496141 | Y15: =INDEX(Sheet1!$E$69:$AJ$150,MATCH($A15,Sheet1!$E$69:$E$150,0),MATCH(Y$1,Sheet1!$E$69:$AJ$69,0)) -> 0.044496446
A16: =_xlfn.TEXTJOIN("",TRUE,B16:C16) -> T1p | B16: T1 | C16: p | F16: p | G16: =INDEX(Sheet1!$E$69:$AJ$150,MATCH($A16,Sheet1!$E$69:$E$150,0),MATCH(G$1,Sheet1!$E$69:$AJ$69,0)) -> 0.99779127 | H16: =INDEX(Sheet1!$E$69:$AJ$150,MATCH($A16,Sheet1!$E$69:$E$150,0),MATCH(H$1,Sheet1!$E$69:$AJ$69,0)) -> 0.9932448 | I16: =INDEX(Sheet1!$E$69:$AJ$150,MATCH($A16,Sheet1!$E$69:$E$150,0),MATCH(I$1,Sheet1!$E$69:$AJ$69,0)) -> 0.98599052 | J16: =INDEX(Sheet1!$E$69:$AJ$150,MATCH($A16,Sheet1!$E$69:$E$150,0),MATCH(J$1,Sheet1!$E$69:$AJ$69,0)) -> 0.98024931 | L16: =INDEX(Sheet1!$E$69:$AJ$150,MATCH($A16,Sheet1!$E$69:$E$150,0),MATCH(L$1,Sheet1!$E$69:$AJ$69,0)) -> 0.99925332 | M16: =INDEX(Sheet1!$E$69:$AJ$150,MATCH($A16,Sheet1!$E$69:$E$150,0),MATCH(M$1,Sheet1!$E$69:$AJ$69,0)) -> 0.9983436 | N16: =INDEX(Sheet1!$E$69:$AJ$150,MATCH($A16,Sheet1!$E$69:$E$150,0),MATCH(N$1,Sheet1!$E$69:$AJ$69,0)) -> 0.99473885 | O16: =INDEX(Sheet1!$E$69:$AJ$150,MATCH($A16,Sheet1!$E$69:$E$150,0),MATCH(O$1,Sheet1!$E$69:$AJ$69,0)) -> 0.99423076 | Q16: =INDEX(Sheet1!$E$69:$AJ$150,MATCH($A16,Sheet1!$E$69:$E$150,0),MATCH(Q$1,Sheet1!$E$69:$AJ$69,0)) -> 0.99858248 | R16: =INDEX(Sheet1!$E$69:$AJ$150,MATCH($A16,Sheet1!$E$69:$E$150,0),MATCH(R$1,Sheet1!$E$69:$AJ$69,0)) -> 0.99772736 | S16: =INDEX(Sheet1!$E$69:$AJ$150,MATCH($A16,Sheet1!$E$69:$E$150,0),MATCH(S$1,Sheet1!$E$69:$AJ$69,0)) -> 0.98904177 | T16: =INDEX(Sheet1!$E$69:$AJ$150,MATCH($A16,Sheet1!$E$69:$E$150,0),MATCH(T$1,Sheet1!$E$69:$AJ$69,0)) -> 0.99068285 | V16: =INDEX(Sheet1!$E$69:$AJ$150,MATCH($A16,Sheet1!$E$69:$E$150,0),MATCH(V$1,Sheet1!$E$69:$AJ$69,0)) -> 0.99848699 | W16: =INDEX(Sheet1!$E$69:$AJ$150,MATCH($A16,Sheet1!$E$69:$E$150,0),MATCH(W$1,Sheet1!$E$69:$AJ$69,0)) -> 0.99824589 | X16: =INDEX(Sheet1!$E$69:$AJ$150,MATCH($A16,Sheet1!$E$69:$E$150,0),MATCH(X$1,Sheet1!$E$69:$AJ$69,0)) -> 0.98712586 | Y16: =INDEX(Sheet1!$E$69:$AJ$150,MATCH($A16,Sheet1!$E$69:$E$150,0),MATCH(Y$1,Sheet1!$E$69:$AJ$69,0)) -> 0.99150766
A17: =_xlfn.TEXTJOIN("",TRUE,B17:C17) -> T2lambda | B17: T2 | C17: lambda | E17: T2 | F17: coefficient | G17: =INDEX(Sheet1!$E$69:$AJ$150,MATCH($A17,Sheet1!$E$69:$E$150,0),MATCH(G$1,Sheet1!$E$69:$AJ$69,0)) -> 0.89157476 | H17: =INDEX(Sheet1!$E$69:$AJ$150,MATCH($A17,Sheet1!$E$69:$E$150,0),MATCH(H$1,Sheet1!$E$69:$AJ$69,0)) -> 0.62994229 | I17: =INDEX(Sheet1!$E$69:$AJ$150,MATCH($A17,Sheet1!$E$69:$E$150,0),MATCH(I$1,Sheet1!$E$69:$AJ$69,0)) -> 0.53909006 | J17: =INDEX(Sheet1!$E$69:$AJ$150,MATCH($A17,Sheet1!$E$69:$E$150,0),MATCH(J$1,Sheet1!$E$69:$AJ$69,0)) -> 0 | L17: =INDEX(Sheet1!$E$69:$AJ$150,MATCH($A17,Sheet1!$E$69:$E$150,0),MATCH(L$1,Sheet1!$E$69:$AJ$69,0)) -> 0.82557911 | M17: =INDEX(Sheet1!$E$69:$AJ$150,MATCH($A17,Sheet1!$E$69:$E$150,0),MATCH(M$1,Sheet1!$E$69:$AJ$69,0)) -> 0.57582279 | N17: =INDEX(Sheet1!$E$69:$AJ$150,MATCH($A17,Sheet1!$E$69:$E$150,0),MATCH(N$1,Sheet1!$E$69:$AJ$69,0)) -> 0.39907758 | O17: =INDEX(Sheet1!$E$69:$AJ$150,MATCH($A17,Sheet1!$E$69:$E$150,0),MATCH(O$1,Sheet1!$E$69:$AJ$69,0)) -> 0 | Q17: =INDEX(Sheet1!$E$69:$AJ$150,MATCH($A17,Sheet1!$E$69:$E$150,0),MATCH(Q$1,Sheet1!$E$69:$AJ$69,0)) -> 0.75958346 | R17: =INDEX(Sheet1!$E$69:$AJ$150,MATCH($A17,Sheet1!$E$69:$E$150,0),MATCH(R$1,Sheet1!$E$69:$AJ$69,0)) -> 0.52170328 | S17: =INDEX(Sheet1!$E$69:$AJ$150,MATCH($A17,Sheet1!$E$69:$E$150,0),MATCH(S$1,Sheet1!$E$69:$AJ$69,0)) -> 0.2590651 | T17: =INDEX(Sheet1!$E$69:$AJ$150,MATCH($A17,Sheet1!$E$69:$E$150,0),MATCH(T$1,Sheet1!$E$69:$AJ$69,0)) -> 0 | V17: =INDEX(Sheet1!$E$69:$AJ$150,MATCH($A17,Sheet1!$E$69:$E$150,0),MATCH(V$1,Sheet1!$E$69:$AJ$69,0)) -> 0.69358781 | W17: =INDEX(Sheet1!$E$69:$AJ$150,MATCH($A17,Sheet1!$E$69:$E$150,0),MATCH(W$1,Sheet1!$E$69:$AJ$69,0)) -> 0.46758378 | X17: =INDEX(Sheet1!$E$69:$AJ$150,MATCH($A17,Sheet1!$E$69:$E$150,0),MATCH(X$1,Sheet1!$E$69:$AJ$69,0)) -> 0.11905261 | Y17: =INDEX(Sheet1!$E$69:$AJ$150,MATCH($A17,Sheet1!$E$69:$E$150,0),MATCH(Y$1,Sheet1!$E$69:$AJ$69,0)) -> 0
A18: =_xlfn.TEXTJOIN("",TRUE,B18:C18) -> T2e^lambda-1 | B18: T2 | C18: e^lambda-1 | F18: Effect | G18: =INDEX(Sheet1!$E$69:$AJ$150,MATCH($A18,Sheet1!$E$69:$E$150,0),MATCH(G$1,Sheet1!$E$69:$AJ$69,0)) -> 1.4389674 | H18: =INDEX(Sheet1!$E$69:$AJ$150,MATCH($A18,Sheet1!$E$69:$E$150,0),MATCH(H$1,Sheet1!$E$69:$AJ$69,0)) -> 0.87750222 | I18: =INDEX(Sheet1!$E$69:$AJ$150,MATCH($A18,Sheet1!$E$69:$E$150,0),MATCH(I$1,Sheet1!$E$69:$AJ$69,0)) -> 0.71444611 | J18: =INDEX(Sheet1!$E$69:$AJ$150,MATCH($A18,Sheet1!$E$69:$E$150,0),MATCH(J$1,Sheet1!$E$69:$AJ$69,0)) -> 0 | L18: =INDEX(Sheet1!$E$69:$AJ$150,MATCH($A18,Sheet1!$E$69:$E$150,0),MATCH(L$1,Sheet1!$E$69:$AJ$69,0)) -> 1.2832026 | M18: =INDEX(Sheet1!$E$69:$AJ$150,MATCH($A18,Sheet1!$E$69:$E$150,0),MATCH(M$1,Sheet1!$E$69:$AJ$69,0)) -> 0.77859333 | N18: =INDEX(Sheet1!$E$69:$AJ$150,MATCH($A18,Sheet1!$E$69:$E$150,0),MATCH(N$1,Sheet1!$E$69:$AJ$69,0)) -> 0.49044924 | O18: =INDEX(Sheet1!$E$69:$AJ$150,MATCH($A18,Sheet1!$E$69:$E$150,0),MATCH(O$1,Sheet1!$E$69:$AJ$69,0)) -> 0 | Q18: =INDEX(Sheet1!$E$69:$AJ$150,MATCH($A18,Sheet1!$E$69:$E$150,0),MATCH(Q$1,Sheet1!$E$69:$AJ$69,0)) -> 1.1373857 | R18: =INDEX(Sheet1!$E$69:$AJ$150,MATCH($A18,Sheet1!$E$69:$E$150,0),MATCH(R$1,Sheet1!$E$69:$AJ$69,0)) -> 0.68489506 | S18: =INDEX(Sheet1!$E$69:$AJ$150,MATCH($A18,Sheet1!$E$69:$E$150,0),MATCH(S$1,Sheet1!$E$69:$AJ$69,0)) -> 0.29571815 | T18: =INDEX(Sheet1!$E$69:$AJ$150,MATCH($A18,Sheet1!$E$69:$E$150,0),MATCH(T$1,Sheet1!$E$69:$AJ$69,0)) -> 0 | V18: =INDEX(Sheet1!$E$69:$AJ$150,MATCH($A18,Sheet1!$E$69:$E$150,0),MATCH(V$1,Sheet1!$E$69:$AJ$69,0)) -> 1.0008815 | W18: =INDEX(Sheet1!$E$69:$AJ$150,MATCH($A18,Sheet1!$E$69:$E$150,0),MATCH(W$1,Sheet1!$E$69:$AJ$69,0)) -> 0.59613292 | X18: =INDEX(Sheet1!$E$69:$AJ$150,MATCH($A18,Sheet1!$E$69:$E$150,0),MATCH(X$1,Sheet1!$E$69:$AJ$69,0)) -> 0.12642918 | Y18: =INDEX(Sheet1!$E$69:$AJ$150,MATCH($A18,Sheet1!$E$69:$E$150,0),MATCH(Y$1,Sheet1!$E$69:$AJ$69,0)) -> 0
A19: =_xlfn.TEXTJOIN("",TRUE,B19:C19) -> T2R | B19: T2 | C19: R | F19: At Risk | G19: =INDEX(Sheet1!$E$69:$AJ$150,MATCH($A19,Sheet1!$E$69:$E$150,0),MATCH(G$1,Sheet1!$E$69:$AJ$69,0)) -> 0.98902029 | H19: =INDEX(Sheet1!$E$69:$AJ$150,MATCH($A19,Sheet1!$E$69:$E$150,0),MATCH(H$1,Sheet1!$E$69:$AJ$69,0)) -> 0.98674705 | I19: =INDEX(Sheet1!$E$69:$AJ$150,MATCH($A19,Sheet1!$E$69:$E$150,0),MATCH(I$1,Sheet1!$E$69:$AJ$69,0)) -> 0.98311992 | J19: =INDEX(Sheet1!$E$69:$AJ$150,MATCH($A19,Sheet1!$E$69:$E$150,0),MATCH(J$1,Sheet1!$E$69:$AJ$69,0)) -> 0.98024931 | L19: =INDEX(Sheet1!$E$69:$AJ$150,MATCH($A19,Sheet1!$E$69:$E$150,0),MATCH(L$1,Sheet1!$E$69:$AJ$69,0)) -> 0.99674204 | M19: =INDEX(Sheet1!$E$69:$AJ$150,MATCH($A19,Sheet1!$E$69:$E$150,0),MATCH(M$1,Sheet1!$E$69:$AJ$69,0)) -> 0.99628718 | N19: =INDEX(Sheet1!$E$69:$AJ$150,MATCH($A19,Sheet1!$E$69:$E$150,0),MATCH(N$1,Sheet1!$E$69:$AJ$69,0)) -> 0.99448481 | O19: =INDEX(Sheet1!$E$69:$AJ$150,MATCH($A19,Sheet1!$E$69:$E$150,0),MATCH(O$1,Sheet1!$E$69:$AJ$69,0)) -> 0.99423076 | Q19: =INDEX(Sheet1!$E$69:$AJ$150,MATCH($A19,Sheet1!$E$69:$E$150,0),MATCH(Q$1,Sheet1!$E$69:$AJ$69,0)) -> 0.99463266 | R19: =INDEX(Sheet1!$E$69:$AJ$150,MATCH($A19,Sheet1!$E$69:$E$150,0),MATCH(R$1,Sheet1!$E$69:$AJ$69,0)) -> 0.99420511 | S19: =INDEX(Sheet1!$E$69:$AJ$150,MATCH($A19,Sheet1!$E$69:$E$150,0),MATCH(S$1,Sheet1!$E$69:$AJ$69,0)) -> 0.98986231 | T19: =INDEX(Sheet1!$E$69:$AJ$150,MATCH($A19,Sheet1!$E$69:$E$150,0),MATCH(T$1,Sheet1!$E$69:$AJ$69,0)) -> 0.99068285 | V19: =INDEX(Sheet1!$E$69:$AJ$150,MATCH($A19,Sheet1!$E$69:$E$150,0),MATCH(V$1,Sheet1!$E$69:$AJ$69,0)) -> 0.99499732 | W19: =INDEX(Sheet1!$E$69:$AJ$150,MATCH($A19,Sheet1!$E$69:$E$150,0),MATCH(W$1,Sheet1!$E$69:$AJ$69,0)) -> 0.99487678 | X19: =INDEX(Sheet1!$E$69:$AJ$150,MATCH($A19,Sheet1!$E$69:$E$150,0),MATCH(X$1,Sheet1!$E$69:$AJ$69,0)) -> 0.98931676 | Y19: =INDEX(Sheet1!$E$69:$AJ$150,MATCH($A19,Sheet1!$E$69:$E$150,0),MATCH(Y$1,Sheet1!$E$69:$AJ$69,0)) -> 0.99150766
A20: =_xlfn.TEXTJOIN("",TRUE,B20:C20) -> T2D | B20: T2 | C20: D | F20: Differenciate | G20: =INDEX(Sheet1!$E$69:$AJ$150,MATCH($A20,Sheet1!$E$69:$E$150,0),MATCH(G$1,Sheet1!$E$69:$AJ$69,0)) -> 0.22770845 | H20: =INDEX(Sheet1!$E$69:$AJ$150,MATCH($A20,Sheet1!$E$69:$E$150,0),MATCH(H$1,Sheet1!$E$69:$AJ$69,0)) -> 0.23144489 | I20: =INDEX(Sheet1!$E$69:$AJ$150,MATCH($A20,Sheet1!$E$69:$E$150,0),MATCH(I$1,Sheet1!$E$69:$AJ$69,0)) -> 0.22738262 | J20: =INDEX(Sheet1!$E$69:$AJ$150,MATCH($A20,Sheet1!$E$69:$E$150,0),MATCH(J$1,Sheet1!$E$69:$AJ$69,0)) -> 0.23739032 | L20: =INDEX(Sheet1!$E$69:$AJ$150,MATCH($A20,Sheet1!$E$69:$E$150,0),MATCH(L$1,Sheet1!$E$69:$AJ$69,0)) -> 0.24517178 | M20: =INDEX(Sheet1!$E$69:$AJ$150,MATCH($A20,Sheet1!$E$69:$E$150,0),MATCH(M$1,Sheet1!$E$69:$AJ$69,0)) -> 0.24627884 | N20: =INDEX(Sheet1!$E$69:$AJ$150,MATCH($A20,Sheet1!$E$69:$E$150,0),MATCH(N$1,Sheet1!$E$69:$AJ$69,0)) -> 0.23928526 | O20: =INDEX(Sheet1!$E$69:$AJ$150,MATCH($A20,Sheet1!$E$69:$E$150,0),MATCH(O$1,Sheet1!$E$69:$AJ$69,0)) -> 0.24241545 | Q20: =INDEX(Sheet1!$E$69:$AJ$150,MATCH($A20,Sheet1!$E$69:$E$150,0),MATCH(Q$1,Sheet1!$E$69:$AJ$69,0)) -> 0.27571327 | R20: =INDEX(Sheet1!$E$69:$AJ$150,MATCH($A20,Sheet1!$E$69:$E$150,0),MATCH(R$1,Sheet1!$E$69:$AJ$69,0)) -> 0.27136108 | S20: =INDEX(Sheet1!$E$69:$AJ$150,MATCH($A20,Sheet1!$E$69:$E$150,0),MATCH(S$1,Sheet1!$E$69:$AJ$69,0)) -> 0.25619576 | T20: =INDEX(Sheet1!$E$69:$AJ$150,MATCH($A20,Sheet1!$E$69:$E$150,0),MATCH(T$1,Sheet1!$E$69:$AJ$69,0)) -> 0.24464648 | V20: =INDEX(Sheet1!$E$69:$AJ$150,MATCH($A20,Sheet1!$E$69:$E$150,0),MATCH(V$1,Sheet1!$E$69:$AJ$69,0)) -> 0.27213754 | W20: =INDEX(Sheet1!$E$69:$AJ$150,MATCH($A20,Sheet1!$E$69:$E$150,0),MATCH(W$1,Sheet1!$E$69:$AJ$69,0)) -> 0.26607198 | X20: =INDEX(Sheet1!$E$69:$AJ$150,MATCH($A20,Sheet1!$E$69:$E$150,0),MATCH(X$1,Sheet1!$E$69:$AJ$69,0)) -> 0.24835805 | Y20: =INDEX(Sheet1!$E$69:$AJ$150,MATCH($A20,Sheet1!$E$69:$E$150,0),MATCH(Y$1,Sheet1!$E$69:$AJ$69,0)) -> 0.23122184
A21: =_xlfn.TEXTJOIN("",TRUE,B21:C21) -> T2G | B21: T2 | C21: G | F21: Gain | G21: =INDEX(Sheet1!$E$69:$AJ$150,MATCH($A21,Sheet1!$E$69:$E$150,0),MATCH(G$1,Sheet1!$E$69:$AJ$69,0)) -> -0.88673238 | H21: =INDEX(Sheet1!$E$69:$AJ$150,MATCH($A21,Sheet1!$E$69:$E$150,0),MATCH(H$1,Sheet1!$E$69:$AJ$69,0)) -> -0.61038559 | I21: =INDEX(Sheet1!$E$69:$AJ$150,MATCH($A21,Sheet1!$E$69:$E$150,0),MATCH(I$1,Sheet1!$E$69:$AJ$69,0)) -> -0.41076866 | J21: =INDEX(Sheet1!$E$69:$AJ$150,MATCH($A21,Sheet1!$E$69:$E$150,0),MATCH(J$1,Sheet1!$E$69:$AJ$69,0)) -> 0.4468811 | L21: =INDEX(Sheet1!$E$69:$AJ$150,MATCH($A21,Sheet1!$E$69:$E$150,0),MATCH(L$1,Sheet1!$E$69:$AJ$69,0)) -> -0.98003092 | M21: =INDEX(Sheet1!$E$69:$AJ$150,MATCH($A21,Sheet1!$E$69:$E$150,0),MATCH(M$1,Sheet1!$E$69:$AJ$69,0)) -> -0.70514134 | N21: =INDEX(Sheet1!$E$69:$AJ$150,MATCH($A21,Sheet1!$E$69:$E$150,0),MATCH(N$1,Sheet1!$E$69:$AJ$69,0)) -> -0.34290154 | O21: =INDEX(Sheet1!$E$69:$AJ$150,MATCH($A21,Sheet1!$E$69:$E$150,0),MATCH(O$1,Sheet1!$E$69:$AJ$69,0)) -> 0.39397756 | Q21: =INDEX(Sheet1!$E$69:$AJ$150,MATCH($A21,Sheet1!$E$69:$E$150,0),MATCH(Q$1,Sheet1!$E$69:$AJ$69,0)) -> -1.3425091 | R21: =INDEX(Sheet1!$E$69:$AJ$150,MATCH($A21,Sheet1!$E$69:$E$150,0),MATCH(R$1,Sheet1!$E$69:$AJ$69,0)) -> -1.1281521 | S21: =INDEX(Sheet1!$E$69:$AJ$150,MATCH($A21,Sheet1!$E$69:$E$150,0),MATCH(S$1,Sheet1!$E$69:$AJ$69,0)) -> -0.68204464 | T21: =INDEX(Sheet1!$E$69:$AJ$150,MATCH($A21,Sheet1!$E$69:$E$150,0),MATCH(T$1,Sheet1!$E$69:$AJ$69,0)) -> -0.090644735 | V21: =INDEX(Sheet1!$E$69:$AJ$150,MATCH($A21,Sheet1!$E$69:$E$150,0),MATCH(V$1,Sheet1!$E$69:$AJ$69,0)) -> -1.5452161 | W21: =INDEX(Sheet1!$E$69:$AJ$150,MATCH($A21,Sheet1!$E$69:$E$150,0),MATCH(W$1,Sheet1!$E$69:$AJ$69,0)) -> -1.3779553 | X21: =INDEX(Sheet1!$E$69:$AJ$150,MATCH($A21,Sheet1!$E$69:$E$150,0),MATCH(X$1,Sheet1!$E$69:$AJ$69,0)) -> -0.8830725 | Y21: =INDEX(Sheet1!$E$69:$AJ$150,MATCH($A21,Sheet1!$E$69:$E$150,0),MATCH(Y$1,Sheet1!$E$69:$AJ$69,0)) -> -0.44655949
A22: =_xlfn.TEXTJOIN("",TRUE,B22:C22) -> T2Weight | B22: T2 | C22: Weight | F22: Weight | G22: =INDEX(Sheet1!$E$69:$AJ$150,MATCH($A22,Sheet1!$E$69:$E$150,0),MATCH(G$1,Sheet1!$E$69:$AJ$69,0)) -> -0.19969947 | H22: =INDEX(Sheet1!$E$69:$AJ$150,MATCH($A22,Sheet1!$E$69:$E$150,0),MATCH(H$1,Sheet1!$E$69:$AJ$69,0)) -> -0.13939837 | I22: =INDEX(Sheet1!$E$69:$AJ$150,MATCH($A22,Sheet1!$E$69:$E$150,0),MATCH(I$1,Sheet1!$E$69:$AJ$69,0)) -> -0.091825028 | J22: =INDEX(Sheet1!$E$69:$AJ$150,MATCH($A22,Sheet1!$E$69:$E$150,0),MATCH(J$1,Sheet1!$E$69:$AJ$69,0)) -> 0.10398999 | L22: =INDEX(Sheet1!$E$69:$AJ$150,MATCH($A22,Sheet1!$E$69:$E$150,0),MATCH(L$1,Sheet1!$E$69:$AJ$69,0)) -> -0.23949312 | M22: =INDEX(Sheet1!$E$69:$AJ$150,MATCH($A22,Sheet1!$E$69:$E$150,0),MATCH(M$1,Sheet1!$E$69:$AJ$69,0)) -> -0.17301662 | N22: =INDEX(Sheet1!$E$69:$AJ$150,MATCH($A22,Sheet1!$E$69:$E$150,0),MATCH(N$1,Sheet1!$E$69:$AJ$69,0)) -> -0.081598756 | O22: =INDEX(Sheet1!$E$69:$AJ$150,MATCH($A22,Sheet1!$E$69:$E$150,0),MATCH(O$1,Sheet1!$E$69:$AJ$69,0)) -> 0.09495525 | Q22: =INDEX(Sheet1!$E$69:$AJ$150,MATCH($A22,Sheet1!$E$69:$E$150,0),MATCH(Q$1,Sheet1!$E$69:$AJ$69,0)) -> -0.36816087 | R22: =INDEX(Sheet1!$E$69:$AJ$150,MATCH($A22,Sheet1!$E$69:$E$150,0),MATCH(R$1,Sheet1!$E$69:$AJ$69,0)) -> -0.30436253 | S22: =INDEX(Sheet1!$E$69:$AJ$150,MATCH($A22,Sheet1!$E$69:$E$150,0),MATCH(S$1,Sheet1!$E$69:$AJ$69,0)) -> -0.17296552 | T22: =INDEX(Sheet1!$E$69:$AJ$150,MATCH($A22,Sheet1!$E$69:$E$150,0),MATCH(T$1,Sheet1!$E$69:$AJ$69,0)) -> -0.021969299 | V22: =INDEX(Sheet1!$E$69:$AJ$150,MATCH($A22,Sheet1!$E$69:$E$150,0),MATCH(V$1,Sheet1!$E$69:$AJ$69,0)) -> -0.41840764 | W22: =INDEX(Sheet1!$E$69:$AJ$150,MATCH($A22,Sheet1!$E$69:$E$150,0),MATCH(W$1,Sheet1!$E$69:$AJ$69,0)) -> -0.36475694 | X22: =INDEX(Sheet1!$E$69:$AJ$150,MATCH($A22,Sheet1!$E$69:$E$150,0),MATCH(X$1,Sheet1!$E$69:$AJ$69,0)) -> -0.21697514 | Y22: =INDEX(Sheet1!$E$69:$AJ$150,MATCH($A22,Sheet1!$E$69:$E$150,0),MATCH(Y$1,Sheet1!$E$69:$AJ$69,0)) -> -0.10237744
A23: =_xlfn.TEXTJOIN("",TRUE,B23:C23) -> T2p | B23: T2 | C23: p | F23: p | G23: =INDEX(Sheet1!$E$69:$AJ$150,MATCH($A23,Sheet1!$E$69:$E$150,0),MATCH(G$1,Sheet1!$E$69:$AJ$69,0)) -> 0.4126793 | H23: =INDEX(Sheet1!$E$69:$AJ$150,MATCH($A23,Sheet1!$E$69:$E$150,0),MATCH(H$1,Sheet1!$E$69:$AJ$69,0)) -> 0.40304202 | I23: =INDEX(Sheet1!$E$69:$AJ$150,MATCH($A23,Sheet1!$E$69:$E$150,0),MATCH(I$1,Sheet1!$E$69:$AJ$69,0)) -> 0.41351969 | J23: =INDEX(Sheet1!$E$69:$AJ$150,MATCH($A23,Sheet1!$E$69:$E$150,0),MATCH(J$1,Sheet1!$E$69:$AJ$69,0)) -> 0.38770717 | L23: =INDEX(Sheet1!$E$69:$AJ$150,MATCH($A23,Sheet1!$E$69:$E$150,0),MATCH(L$1,Sheet1!$E$69:$AJ$69,0)) -> 0.40623531 | M23: =INDEX(Sheet1!$E$69:$AJ$150,MATCH($A23,Sheet1!$E$69:$E$150,0),MATCH(M$1,Sheet1!$E$69:$AJ$69,0)) -> 0.40355419 | N23: =INDEX(Sheet1!$E$69:$AJ$150,MATCH($A23,Sheet1!$E$69:$E$150,0),MATCH(N$1,Sheet1!$E$69:$AJ$69,0)) -> 0.42049147 | O23: =INDEX(Sheet1!$E$69:$AJ$150,MATCH($A23,Sheet1!$E$69:$E$150,0),MATCH(O$1,Sheet1!$E$69:$AJ$69,0)) -> 0.41291068 | Q23: =INDEX(Sheet1!$E$69:$AJ$150,MATCH($A23,Sheet1!$E$69:$E$150,0),MATCH(Q$1,Sheet1!$E$69:$AJ$69,0)) -> 0.35404776 | R23: =INDEX(Sheet1!$E$69:$AJ$150,MATCH($A23,Sheet1!$E$69:$E$150,0),MATCH(R$1,Sheet1!$E$69:$AJ$69,0)) -> 0.36424424 | S23: =INDEX(Sheet1!$E$69:$AJ$150,MATCH($A23,Sheet1!$E$69:$E$150,0),MATCH(S$1,Sheet1!$E$69:$AJ$69,0)) -> 0.39977416 | T23: =INDEX(Sheet1!$E$69:$AJ$150,MATCH($A23,Sheet1!$E$69:$E$150,0),MATCH(T$1,Sheet1!$E$69:$AJ$69,0)) -> 0.42683228 | V23: =INDEX(Sheet1!$E$69:$AJ$150,MATCH($A23,Sheet1!$E$69:$E$150,0),MATCH(V$1,Sheet1!$E$69:$AJ$69,0)) -> 0.25024076 | W23: =INDEX(Sheet1!$E$69:$AJ$150,MATCH($A23,Sheet1!$E$69:$E$150,0),MATCH(W$1,Sheet1!$E$69:$AJ$69,0)) -> 0.26695185 | X23: =INDEX(Sheet1!$E$69:$AJ$150,MATCH($A23,Sheet1!$E$69:$E$150,0),MATCH(X$1,Sheet1!$E$69:$AJ$69,0)) -> 0.31575503 | Y23: =INDEX(Sheet1!$E$69:$AJ$150,MATCH($A23,Sheet1!$E$69:$E$150,0),MATCH(Y$1,Sheet1!$E$69:$AJ$69,0)) -> 0.36296657
A24: =_xlfn.TEXTJOIN("",TRUE,B24:C24) -> T3lambda | B24: T3 | C24: lambda | E24: T3 | F24: coefficient | G24: =INDEX(Sheet1!$E$69:$AJ$150,MATCH($A24,Sheet1!$E$69:$E$150,0),MATCH(G$1,Sheet1!$E$69:$AJ$69,0)) -> 1.4073748 | H24: =INDEX(Sheet1!$E$69:$AJ$150,MATCH($A24,Sheet1!$E$69:$E$150,0),MATCH(H$1,Sheet1!$E$69:$AJ$69,0)) -> 1.0850207 | I24: =INDEX(Sheet1!$E$69:$AJ$150,MATCH($A24,Sheet1!$E$69:$E$150,0),MATCH(I$1,Sheet1!$E$69:$AJ$69,0)) -> 0.87124427 | J24: =INDEX(Sheet1!$E$69:$AJ$150,MATCH($A24,Sheet1!$E$69:$E$150,0),MATCH(J$1,Sheet1!$E$69:$AJ$69,0)) -> 0 | L24: =INDEX(Sheet1!$E$69:$AJ$150,MATCH($A24,Sheet1!$E$69:$E$150,0),MATCH(L$1,Sheet1!$E$69:$AJ$69,0)) -> 1.471357 | M24: =INDEX(Sheet1!$E$69:$AJ$150,MATCH($A24,Sheet1!$E$69:$E$150,0),MATCH(M$1,Sheet1!$E$69:$AJ$69,0)) -> 1.1359483 | N24: =INDEX(Sheet1!$E$69:$AJ$150,MATCH($A24,Sheet1!$E$69:$E$150,0),MATCH(N$1,Sheet1!$E$69:$AJ$69,0)) -> 0.74551763 | O24: =INDEX(Sheet1!$E$69:$AJ$150,MATCH($A24,Sheet1!$E$69:$E$150,0),MATCH(O$1,Sheet1!$E$69:$AJ$69,0)) -> 0 | Q24: =INDEX(Sheet1!$E$69:$AJ$150,MATCH($A24,Sheet1!$E$69:$E$150,0),MATCH(Q$1,Sheet1!$E$69:$AJ$69,0)) -> 1.5353392 | R24: =INDEX(Sheet1!$E$69:$AJ$150,MATCH($A24,Sheet1!$E$69:$E$150,0),MATCH(R$1,Sheet1!$E$69:$AJ$69,0)) -> 1.1868758 | S24: =INDEX(Sheet1!$E$69:$AJ$150,MATCH($A24,Sheet1!$E$69:$E$150,0),MATCH(S$1,Sheet1!$E$69:$AJ$69,0)) -> 0.61979099 | T24: =INDEX(Sheet1!$E$69:$AJ$150,MATCH($A24,Sheet1!$E$69:$E$150,0),MATCH(T$1,Sheet1!$E$69:$AJ$69,0)) -> 0 | V24: =INDEX(Sheet1!$E$69:$AJ$150,MATCH($A24,Sheet1!$E$69:$E$150,0),MATCH(V$1,Sheet1!$E$69:$AJ$69,0)) -> 1.5993215 | W24: =INDEX(Sheet1!$E$69:$AJ$150,MATCH($A24,Sheet1!$E$69:$E$150,0),MATCH(W$1,Sheet1!$E$69:$AJ$69,0)) -> 1.2378033 | X24: =INDEX(Sheet1!$E$69:$AJ$150,MATCH($A24,Sheet1!$E$69:$E$150,0),MATCH(X$1,Sheet1!$E$69:$AJ$69,0)) -> 0.49406435 | Y24: =INDEX(Sheet1!$E$69:$AJ$150,MATCH($A24,Sheet1!$E$69:$E$150,0),MATCH(Y$1,Sheet1!$E$69:$AJ$69,0)) -> 0
A25: =_xlfn.TEXTJOIN("",TRUE,B25:C25) -> T3e^lambda-1 | B25: T3 | C25: e^lambda-1 | F25: Effect | G25: =INDEX(Sheet1!$E$69:$AJ$150,MATCH($A25,Sheet1!$E$69:$E$150,0),MATCH(G$1,Sheet1!$E$69:$AJ$69,0)) -> 3.0852168 | H25: =INDEX(Sheet1!$E$69:$AJ$150,MATCH($A25,Sheet1!$E$69:$E$150,0),MATCH(H$1,Sheet1!$E$69:$AJ$69,0)) -> 1.9595012 | I25: =INDEX(Sheet1!$E$69:$AJ$150,MATCH($A25,Sheet1!$E$69:$E$150,0),MATCH(I$1,Sheet1!$E$69:$AJ$69,0)) -> 1.3898827 | J25: =INDEX(Sheet1!$E$69:$AJ$150,MATCH($A25,Sheet1!$E$69:$E$150,0),MATCH(J$1,Sheet1!$E$69:$AJ$69,0)) -> 0 | L25: =INDEX(Sheet1!$E$69:$AJ$150,MATCH($A25,Sheet1!$E$69:$E$150,0),MATCH(L$1,Sheet1!$E$69:$AJ$69,0)) -> 3.3551411 | M25: =INDEX(Sheet1!$E$69:$AJ$150,MATCH($A25,Sheet1!$E$69:$E$150,0),MATCH(M$1,Sheet1!$E$69:$AJ$69,0)) -> 2.1141252 | N25: =INDEX(Sheet1!$E$69:$AJ$150,MATCH($A25,Sheet1!$E$69:$E$150,0),MATCH(N$1,Sheet1!$E$69:$AJ$69,0)) -> 1.1075321 | O25: =INDEX(Sheet1!$E$69:$AJ$150,MATCH($A25,Sheet1!$E$69:$E$150,0),MATCH(O$1,Sheet1!$E$69:$AJ$69,0)) -> 0 | Q25: =INDEX(Sheet1!$E$69:$AJ$150,MATCH($A25,Sheet1!$E$69:$E$150,0),MATCH(Q$1,Sheet1!$E$69:$AJ$69,0)) -> 3.6429003 | R25: =INDEX(Sheet1!$E$69:$AJ$150,MATCH($A25,Sheet1!$E$69:$E$150,0),MATCH(R$1,Sheet1!$E$69:$AJ$69,0)) -> 2.2768277 | S25: =INDEX(Sheet1!$E$69:$AJ$150,MATCH($A25,Sheet1!$E$69:$E$150,0),MATCH(S$1,Sheet1!$E$69:$AJ$69,0)) -> 0.85853955 | T25: =INDEX(Sheet1!$E$69:$AJ$150,MATCH($A25,Sheet1!$E$69:$E$150,0),MATCH(T$1,Sheet1!$E$69:$AJ$69,0)) -> 0 | V25: =INDEX(Sheet1!$E$69:$AJ$150,MATCH($A25,Sheet1!$E$69:$E$150,0),MATCH(V$1,Sheet1!$E$69:$AJ$69,0)) -> 3.9496728 | W25: =INDEX(Sheet1!$E$69:$AJ$150,MATCH($A25,Sheet1!$E$69:$E$150,0),MATCH(W$1,Sheet1!$E$69:$AJ$69,0)) -> 2.4480309 | X25: =INDEX(Sheet1!$E$69:$AJ$150,MATCH($A25,Sheet1!$E$69:$E$150,0),MATCH(X$1,Sheet1!$E$69:$AJ$69,0)) -> 0.63896403 | Y25: =INDEX(Sheet1!$E$69:$AJ$150,MATCH($A25,Sheet1!$E$69:$E$150,0),MATCH(Y$1,Sheet1!$E$69:$AJ$69,0)) -> 0
A26: =_xlfn.TEXTJOIN("",TRUE,B26:C26) -> T3R | B26: T3 | C26: R | F26: At Risk | G26: =INDEX(Sheet1!$E$69:$AJ$150,MATCH($A26,Sheet1!$E$69:$E$150,0),MATCH(G$1,Sheet1!$E$69:$AJ$69,0)) -> 0.98902029 | H26: =INDEX(Sheet1!$E$69:$AJ$150,MATCH($A26,Sheet1!$E$69:$E$150,0),MATCH(H$1,Sheet1!$E$69:$AJ$69,0)) -> 0.98674705 | I26: =INDEX(Sheet1!$E$69:$AJ$150,MATCH($A26,Sheet1!$E$69:$E$150,0),MATCH(I$1,Sheet1!$E$69:$AJ$69,0)) -> 0.98311992 | J26: =INDEX(Sheet1!$E$69:$AJ$150,MATCH($A26,Sheet1!$E$69:$E$150,0),MATCH(J$1,Sheet1!$E$69:$AJ$69,0)) -> 0.98024931 | L26: =INDEX(Sheet1!$E$69:$AJ$150,MATCH($A26,Sheet1!$E$69:$E$150,0),MATCH(L$1,Sheet1!$E$69:$AJ$69,0)) -> 0.99674204 | M26: =INDEX(Sheet1!$E$69:$AJ$150,MATCH($A26,Sheet1!$E$69:$E$150,0),MATCH(M$1,Sheet1!$E$69:$AJ$69,0)) -> 0.99628718 | N26: =INDEX(Sheet1!$E$69:$AJ$150,MATCH($A26,Sheet1!$E$69:$E$150,0),MATCH(N$1,Sheet1!$E$69:$AJ$69,0)) -> 0.99448481 | O26: =INDEX(Sheet1!$E$69:$AJ$150,MATCH($A26,Sheet1!$E$69:$E$150,0),MATCH(O$1,Sheet1!$E$69:$AJ$69,0)) -> 0.99423076 | Q26: =INDEX(Sheet1!$E$69:$AJ$150,MATCH($A26,Sheet1!$E$69:$E$150,0),MATCH(Q$1,Sheet1!$E$69:$AJ$69,0)) -> 0.99463266 | R26: =INDEX(Sheet1!$E$69:$AJ$150,MATCH($A26,Sheet1!$E$69:$E$150,0),MATCH(R$1,Sheet1!$E$69:$AJ$69,0)) -> 0.99420511 | S26: =INDEX(Sheet1!$E$69:$AJ$150,MATCH($A26,Sheet1!$E$69:$E$150,0),MATCH(S$1,Sheet1!$E$69:$AJ$69,0)) -> 0.98986231 | T26: =INDEX(Sheet1!$E$69:$AJ$150,MATCH($A26,Sheet1!$E$69:$E$150,0),MATCH(T$1,Sheet1!$E$69:$AJ$69,0)) -> 0.99068285 | V26: =INDEX(Sheet1!$E$69:$AJ$150,MATCH($A26,Sheet1!$E$69:$E$150,0),MATCH(V$1,Sheet1!$E$69:$AJ$69,0)) -> 0.99499732 | W26: =INDEX(Sheet1!$E$69:$AJ$150,MATCH($A26,Sheet1!$E$69:$E$150,0),MATCH(W$1,Sheet1!$E$69:$AJ$69,0)) -> 0.99487678 | X26: =INDEX(Sheet1!$E$69:$AJ$150,MATCH($A26,Sheet1!$E$69:$E$150,0),MATCH(X$1,Sheet1!$E$69:$AJ$69,0)) -> 0.98931676 | Y26: =INDEX(Sheet1!$E$69:$AJ$150,MATCH($A26,Sheet1!$E$69:$E$150,0),MATCH(Y$1,Sheet1!$E$69:$AJ$69,0)) -> 0.99150766
A27: =_xlfn.TEXTJOIN("",TRUE,B27:C27) -> T3D | B27: T3 | C27: D | F27: Differenciate | G27: =INDEX(Sheet1!$E$69:$AJ$150,MATCH($A27,Sheet1!$E$69:$E$150,0),MATCH(G$1,Sheet1!$E$69:$AJ$69,0)) -> 0.13697217 | H27: =INDEX(Sheet1!$E$69:$AJ$150,MATCH($A27,Sheet1!$E$69:$E$150,0),MATCH(H$1,Sheet1!$E$69:$AJ$69,0)) -> 0.14512355 | I27: =INDEX(Sheet1!$E$69:$AJ$150,MATCH($A27,Sheet1!$E$69:$E$150,0),MATCH(I$1,Sheet1!$E$69:$AJ$69,0)) -> 0.15370731 | J27: =INDEX(Sheet1!$E$69:$AJ$150,MATCH($A27,Sheet1!$E$69:$E$150,0),MATCH(J$1,Sheet1!$E$69:$AJ$69,0)) -> 0.18122016 | L27: =INDEX(Sheet1!$E$69:$AJ$150,MATCH($A27,Sheet1!$E$69:$E$150,0),MATCH(L$1,Sheet1!$E$69:$AJ$69,0)) -> 0.13144688 | M27: =INDEX(Sheet1!$E$69:$AJ$150,MATCH($A27,Sheet1!$E$69:$E$150,0),MATCH(M$1,Sheet1!$E$69:$AJ$69,0)) -> 0.140638 | N27: =INDEX(Sheet1!$E$69:$AJ$150,MATCH($A27,Sheet1!$E$69:$E$150,0),MATCH(N$1,Sheet1!$E$69:$AJ$69,0)) -> 0.15570866 | O27: =INDEX(Sheet1!$E$69:$AJ$150,MATCH($A27,Sheet1!$E$69:$E$150,0),MATCH(O$1,Sheet1!$E$69:$AJ$69,0)) -> 0.1801559 | Q27: =INDEX(Sheet1!$E$69:$AJ$150,MATCH($A27,Sheet1!$E$69:$E$150,0),MATCH(Q$1,Sheet1!$E$69:$AJ$69,0)) -> 0.13787067 | R27: =INDEX(Sheet1!$E$69:$AJ$150,MATCH($A27,Sheet1!$E$69:$E$150,0),MATCH(R$1,Sheet1!$E$69:$AJ$69,0)) -> 0.15062951 | S27: =INDEX(Sheet1!$E$69:$AJ$150,MATCH($A27,Sheet1!$E$69:$E$150,0),MATCH(S$1,Sheet1!$E$69:$AJ$69,0)) -> 0.17900712 | T27: =INDEX(Sheet1!$E$69:$AJ$150,MATCH($A27,Sheet1!$E$69:$E$150,0),MATCH(T$1,Sheet1!$E$69:$AJ$69,0)) -> 0.20982883 | V27: =INDEX(Sheet1!$E$69:$AJ$150,MATCH($A27,Sheet1!$E$69:$E$150,0),MATCH(V$1,Sheet1!$E$69:$AJ$69,0)) -> 0.13071685 | W27: =INDEX(Sheet1!$E$69:$AJ$150,MATCH($A27,Sheet1!$E$69:$E$150,0),MATCH(W$1,Sheet1!$E$69:$AJ$69,0)) -> 0.14843109 | X27: =INDEX(Sheet1!$E$69:$AJ$150,MATCH($A27,Sheet1!$E$69:$E$150,0),MATCH(X$1,Sheet1!$E$69:$AJ$69,0)) -> 0.19747407 | Y27: =INDEX(Sheet1!$E$69:$AJ$150,MATCH($A27,Sheet1!$E$69:$E$150,0),MATCH(Y$1,Sheet1!$E$69:$AJ$69,0)) -> 0.23781958
A28: =_xlfn.TEXTJOIN("",TRUE,B28:C28) -> T3G | B28: T3 | C28: G | F28: Gain | G28: =INDEX(Sheet1!$E$69:$AJ$150,MATCH($A28,Sheet1!$E$69:$E$150,0),MATCH(G$1,Sheet1!$E$69:$AJ$69,0)) -> 2.5674354 | H28: =INDEX(Sheet1!$E$69:$AJ$150,MATCH($A28,Sheet1!$E$69:$E$150,0),MATCH(H$1,Sheet1!$E$69:$AJ$69,0)) -> 2.6794759 | I28: =INDEX(Sheet1!$E$69:$AJ$150,MATCH($A28,Sheet1!$E$69:$E$150,0),MATCH(I$1,Sheet1!$E$69:$AJ$69,0)) -> 2.7208085 | J28: =INDEX(Sheet1!$E$69:$AJ$150,MATCH($A28,Sheet1!$E$69:$E$150,0),MATCH(J$1,Sheet1!$E$69:$AJ$69,0)) -> 2.9827418 | L28: =INDEX(Sheet1!$E$69:$AJ$150,MATCH($A28,Sheet1!$E$69:$E$150,0),MATCH(L$1,Sheet1!$E$69:$AJ$69,0)) -> 2.5430213 | M28: =INDEX(Sheet1!$E$69:$AJ$150,MATCH($A28,Sheet1!$E$69:$E$150,0),MATCH(M$1,Sheet1!$E$69:$AJ$69,0)) -> 2.6472268 | N28: =INDEX(Sheet1!$E$69:$AJ$150,MATCH($A28,Sheet1!$E$69:$E$150,0),MATCH(N$1,Sheet1!$E$69:$AJ$69,0)) -> 2.7268774 | O28: =INDEX(Sheet1!$E$69:$AJ$150,MATCH($A28,Sheet1!$E$69:$E$150,0),MATCH(O$1,Sheet1!$E$69:$AJ$69,0)) -> 2.9194785 | Q28: =INDEX(Sheet1!$E$69:$AJ$150,MATCH($A28,Sheet1!$E$69:$E$150,0),MATCH(Q$1,Sheet1!$E$69:$AJ$69,0)) -> 2.4614134 | R28: =INDEX(Sheet1!$E$69:$AJ$150,MATCH($A28,Sheet1!$E$69:$E$150,0),MATCH(R$1,Sheet1!$E$69:$AJ$69,0)) -> 2.5511794 | S28: =INDEX(Sheet1!$E$69:$AJ$150,MATCH($A28,Sheet1!$E$69:$E$150,0),MATCH(S$1,Sheet1!$E$69:$AJ$69,0)) -> 2.6619376 | T28: =INDEX(Sheet1!$E$69:$AJ$150,MATCH($A28,Sheet1!$E$69:$E$150,0),MATCH(T$1,Sheet1!$E$69:$AJ$69,0)) -> 2.7812235 | V28: =INDEX(Sheet1!$E$69:$AJ$150,MATCH($A28,Sheet1!$E$69:$E$150,0),MATCH(V$1,Sheet1!$E$69:$AJ$69,0)) -> 2.5081867 | W28: =INDEX(Sheet1!$E$69:$AJ$150,MATCH($A28,Sheet1!$E$69:$E$150,0),MATCH(W$1,Sheet1!$E$69:$AJ$69,0)) -> 2.5984905 | X28: =INDEX(Sheet1!$E$69:$AJ$150,MATCH($A28,Sheet1!$E$69:$E$150,0),MATCH(X$1,Sheet1!$E$69:$AJ$69,0)) -> 2.7539708 | Y28: =INDEX(Sheet1!$E$69:$AJ$150,MATCH($A28,Sheet1!$E$69:$E$150,0),MATCH(Y$1,Sheet1!$E$69:$AJ$69,0)) -> 2.8106572
A29: =_xlfn.TEXTJOIN("",TRUE,B29:C29) -> T3Weight | B29: T3 | C29: Weight | F29: Weight | G29: =INDEX(Sheet1!$E$69:$AJ$150,MATCH($A29,Sheet1!$E$69:$E$150,0),MATCH(G$1,Sheet1!$E$69:$AJ$69,0)) -> 0.347806 | H29: =INDEX(Sheet1!$E$69:$AJ$150,MATCH($A29,Sheet1!$E$69:$E$150,0),MATCH(H$1,Sheet1!$E$69:$AJ$69,0)) -> 0.38370158 | I29: =INDEX(Sheet1!$E$69:$AJ$150,MATCH($A29,Sheet1!$E$69:$E$150,0),MATCH(I$1,Sheet1!$E$69:$AJ$69,0)) -> 0.41114877 | J29: =INDEX(Sheet1!$E$69:$AJ$150,MATCH($A29,Sheet1!$E$69:$E$150,0),MATCH(J$1,Sheet1!$E$69:$AJ$69,0)) -> 0.52985704 | L29: =INDEX(Sheet1!$E$69:$AJ$150,MATCH($A29,Sheet1!$E$69:$E$150,0),MATCH(L$1,Sheet1!$E$69:$AJ$69,0)) -> 0.33318317 | M29: =INDEX(Sheet1!$E$69:$AJ$150,MATCH($A29,Sheet1!$E$69:$E$150,0),MATCH(M$1,Sheet1!$E$69:$AJ$69,0)) -> 0.37091839 | N29: =INDEX(Sheet1!$E$69:$AJ$150,MATCH($A29,Sheet1!$E$69:$E$150,0),MATCH(N$1,Sheet1!$E$69:$AJ$69,0)) -> 0.42225669 | O29: =INDEX(Sheet1!$E$69:$AJ$150,MATCH($A29,Sheet1!$E$69:$E$150,0),MATCH(O$1,Sheet1!$E$69:$AJ$69,0)) -> 0.52292688 | Q29: =INDEX(Sheet1!$E$69:$AJ$150,MATCH($A29,Sheet1!$E$69:$E$150,0),MATCH(Q$1,Sheet1!$E$69:$AJ$69,0)) -> 0.33753528 | R29: =INDEX(Sheet1!$E$69:$AJ$150,MATCH($A29,Sheet1!$E$69:$E$150,0),MATCH(R$1,Sheet1!$E$69:$AJ$69,0)) -> 0.38205601 | S29: =INDEX(Sheet1!$E$69:$AJ$150,MATCH($A29,Sheet1!$E$69:$E$150,0),MATCH(S$1,Sheet1!$E$69:$AJ$69,0)) -> 0.47167513 | T29: =INDEX(Sheet1!$E$69:$AJ$150,MATCH($A29,Sheet1!$E$69:$E$150,0),MATCH(T$1,Sheet1!$E$69:$AJ$69,0)) -> 0.57814355 | V29: =INDEX(Sheet1!$E$69:$AJ$150,MATCH($A29,Sheet1!$E$69:$E$150,0),MATCH(V$1,Sheet1!$E$69:$AJ$69,0)) -> 0.32622209 | W29: =INDEX(Sheet1!$E$69:$AJ$150,MATCH($A29,Sheet1!$E$69:$E$150,0),MATCH(W$1,Sheet1!$E$69:$AJ$69,0)) -> 0.38372076 | X29: =INDEX(Sheet1!$E$69:$AJ$150,MATCH($A29,Sheet1!$E$69:$E$150,0),MATCH(X$1,Sheet1!$E$69:$AJ$69,0)) -> 0.53802787 | Y29: =INDEX(Sheet1!$E$69:$AJ$150,MATCH($A29,Sheet1!$E$69:$E$150,0),MATCH(Y$1,Sheet1!$E$69:$AJ$69,0)) -> 0.66275278
A30: =_xlfn.TEXTJOIN("",TRUE,B30:C30) -> T3p | B30: T3 | C30: p | F30: p | G30: =INDEX(Sheet1!$E$69:$AJ$150,MATCH($A30,Sheet1!$E$69:$E$150,0),MATCH(G$1,Sheet1!$E$69:$AJ$69,0)) -> 0.42385942 | H30: =INDEX(Sheet1!$E$69:$AJ$150,MATCH($A30,Sheet1!$E$69:$E$150,0),MATCH(H$1,Sheet1!$E$69:$AJ$69,0)) -> 0.38957263 | I30: =INDEX(Sheet1!$E$69:$AJ$150,MATCH($A30,Sheet1!$E$69:$E$150,0),MATCH(I$1,Sheet1!$E$69:$AJ$69,0)) -> 0.35346709 | J30: =INDEX(Sheet1!$E$69:$AJ$150,MATCH($A30,Sheet1!$E$69:$E$150,0),MATCH(J$1,Sheet1!$E$69:$AJ$69,0)) -> 0.23774089 | L30: =INDEX(Sheet1!$E$69:$AJ$150,MATCH($A30,Sheet1!$E$69:$E$150,0),MATCH(L$1,Sheet1!$E$69:$AJ$69,0)) -> 0.44235928 | M30: =INDEX(Sheet1!$E$69:$AJ$150,MATCH($A30,Sheet1!$E$69:$E$150,0),MATCH(M$1,Sheet1!$E$69:$AJ$69,0)) -> 0.40336755 | N30: =INDEX(Sheet1!$E$69:$AJ$150,MATCH($A30,Sheet1!$E$69:$E$150,0),MATCH(N$1,Sheet1!$E$69:$AJ$69,0)) -> 0.33943286 | O30: =INDEX(Sheet1!$E$69:$AJ$150,MATCH($A30,Sheet1!$E$69:$E$150,0),MATCH(O$1,Sheet1!$E$69:$AJ$69,0)) -> 0.23571966 | Q30: =INDEX(Sheet1!$E$69:$AJ$150,MATCH($A30,Sheet1!$E$69:$E$150,0),MATCH(Q$1,Sheet1!$E$69:$AJ$69,0)) -> 0.53977531 | R30: =INDEX(Sheet1!$E$69:$AJ$150,MATCH($A30,Sheet1!$E$69:$E$150,0),MATCH(R$1,Sheet1!$E$69:$AJ$69,0)) -> 0.49718517 | S30: =INDEX(Sheet1!$E$69:$AJ$150,MATCH($A30,Sheet1!$E$69:$E$150,0),MATCH(S$1,Sheet1!$E$69:$AJ$69,0)) -> 0.40245813 | T30: =INDEX(Sheet1!$E$69:$AJ$150,MATCH($A30,Sheet1!$E$69:$E$150,0),MATCH(T$1,Sheet1!$E$69:$AJ$69,0)) -> 0.29957252 | V30: =INDEX(Sheet1!$E$69:$AJ$150,MATCH($A30,Sheet1!$E$69:$E$150,0),MATCH(V$1,Sheet1!$E$69:$AJ$69,0)) -> 0.66451464 | W30: =INDEX(Sheet1!$E$69:$AJ$150,MATCH($A30,Sheet1!$E$69:$E$150,0),MATCH(W$1,Sheet1!$E$69:$AJ$69,0)) -> 0.61905097 | X30: =INDEX(Sheet1!$E$69:$AJ$150,MATCH($A30,Sheet1!$E$69:$E$150,0),MATCH(X$1,Sheet1!$E$69:$AJ$69,0)) -> 0.49318196 | Y30: =INDEX(Sheet1!$E$69:$AJ$150,MATCH($A30,Sheet1!$E$69:$E$150,0),MATCH(Y$1,Sheet1!$E$69:$AJ$69,0)) -> 0.38963504
A31: =_xlfn.TEXTJOIN("",TRUE,B31:C31) -> Expected | C31: Expected | E31: L | F31: Expected atteinment | G31: =INDEX(Sheet1!$E$69:$AJ$150,MATCH($A31,Sheet1!$E$69:$E$150,0),MATCH(G$1,Sheet1!$E$69:$AJ$69,0)) -> 14.508602 | H31: =INDEX(Sheet1!$E$69:$AJ$150,MATCH($A31,Sheet1!$E$69:$E$150,0),MATCH(H$1,Sheet1!$E$69:$AJ$69,0)) -> 14.328137 | I31: =INDEX(Sheet1!$E$69:$AJ$150,MATCH($A31,Sheet1!$E$69:$E$150,0),MATCH(I$1,Sheet1!$E$69:$AJ$69,0)) -> 14.167485 | J31: =INDEX(Sheet1!$E$69:$AJ$150,MATCH($A31,Sheet1!$E$69:$E$150,0),MATCH(J$1,Sheet1!$E$69:$AJ$69,0)) -> 13.633029 | L31: =INDEX(Sheet1!$E$69:$AJ$150,MATCH($A31,Sheet1!$E$69:$E$150,0),MATCH(L$1,Sheet1!$E$69:$AJ$69,0)) -> 14.57774 | M31: =INDEX(Sheet1!$E$69:$AJ$150,MATCH($A31,Sheet1!$E$69:$E$150,0),MATCH(M$1,Sheet1!$E$69:$AJ$69,0)) -> 14.4116 | N31: =INDEX(Sheet1!$E$69:$AJ$150,MATCH($A31,Sheet1!$E$69:$E$150,0),MATCH(N$1,Sheet1!$E$69:$AJ$69,0)) -> 14.171363 | O31: =INDEX(Sheet1!$E$69:$AJ$150,MATCH($A31,Sheet1!$E$69:$E$150,0),MATCH(O$1,Sheet1!$E$69:$AJ$69,0)) -> 13.741188 | Q31: =INDEX(Sheet1!$E$69:$AJ$150,MATCH($A31,Sheet1!$E$69:$E$150,0),MATCH(Q$1,Sheet1!$E$69:$AJ$69,0)) -> 14.85888 | R31: =INDEX(Sheet1!$E$69:$AJ$150,MATCH($A31,Sheet1!$E$69:$E$150,0),MATCH(R$1,Sheet1!$E$69:$AJ$69,0)) -> 14.704236 | S31: =INDEX(Sheet1!$E$69:$AJ$150,MATCH($A31,Sheet1!$E$69:$E$150,0),MATCH(S$1,Sheet1!$E$69:$AJ$69,0)) -> 14.350104 | T31: =INDEX(Sheet1!$E$69:$AJ$150,MATCH($A31,Sheet1!$E$69:$E$150,0),MATCH(T$1,Sheet1!$E$69:$AJ$69,0)) -> 14.004885 | V31: =INDEX(Sheet1!$E$69:$AJ$150,MATCH($A31,Sheet1!$E$69:$E$150,0),MATCH(V$1,Sheet1!$E$69:$AJ$69,0)) -> 15.149222 | W31: =INDEX(Sheet1!$E$69:$AJ$150,MATCH($A31,Sheet1!$E$69:$E$150,0),MATCH(W$1,Sheet1!$E$69:$AJ$69,0)) -> 14.999565 | X31: =INDEX(Sheet1!$E$69:$AJ$150,MATCH($A31,Sheet1!$E$69:$E$150,0),MATCH(X$1,Sheet1!$E$69:$AJ$69,0)) -> 14.532088 | Y31: =INDEX(Sheet1!$E$69:$AJ$150,MATCH($A31,Sheet1!$E$69:$E$150,0),MATCH(Y$1,Sheet1!$E$69:$AJ$69,0)) -> 14.239596
A32: =_xlfn.TEXTJOIN("",TRUE,B32:C32) -> D(L) | C32: D(L) | E32: D(L) | F32: Total Gap | G32: =INDEX(Sheet1!$E$69:$AJ$150,MATCH($A32,Sheet1!$E$69:$E$150,0),MATCH(G$1,Sheet1!$E$69:$AJ$69,0)) -> 0.87557363 | H32: =INDEX(Sheet1!$E$69:$AJ$150,MATCH($A32,Sheet1!$E$69:$E$150,0),MATCH(H$1,Sheet1!$E$69:$AJ$69,0)) -> 0.69510845 | I32: =INDEX(Sheet1!$E$69:$AJ$150,MATCH($A32,Sheet1!$E$69:$E$150,0),MATCH(I$1,Sheet1!$E$69:$AJ$69,0)) -> 0.53445667 | J32: =INDEX(Sheet1!$E$69:$AJ$150,MATCH($A32,Sheet1!$E$69:$E$150,0),MATCH(J$1,Sheet1!$E$69:$AJ$69,0)) -> 0 | L32: =INDEX(Sheet1!$E$69:$AJ$150,MATCH($A32,Sheet1!$E$69:$E$150,0),MATCH(L$1,Sheet1!$E$69:$AJ$69,0)) -> 0.83655164 | M32: =INDEX(Sheet1!$E$69:$AJ$150,MATCH($A32,Sheet1!$E$69:$E$150,0),MATCH(M$1,Sheet1!$E$69:$AJ$69,0)) -> 0.67041175 | N32: =INDEX(Sheet1!$E$69:$AJ$150,MATCH($A32,Sheet1!$E$69:$E$150,0),MATCH(N$1,Sheet1!$E$69:$AJ$69,0)) -> 0.43017494 | O32: =INDEX(Sheet1!$E$69:$AJ$150,MATCH($A32,Sheet1!$E$69:$E$150,0),MATCH(O$1,Sheet1!$E$69:$AJ$69,0)) -> 0 | Q32: =INDEX(Sheet1!$E$69:$AJ$150,MATCH($A32,Sheet1!$E$69:$E$150,0),MATCH(Q$1,Sheet1!$E$69:$AJ$69,0)) -> 0.85399507 | R32: =INDEX(Sheet1!$E$69:$AJ$150,MATCH($A32,Sheet1!$E$69:$E$150,0),MATCH(R$1,Sheet1!$E$69:$AJ$69,0)) -> 0.69935115 | S32: =INDEX(Sheet1!$E$69:$AJ$150,MATCH($A32,Sheet1!$E$69:$E$150,0),MATCH(S$1,Sheet1!$E$69:$AJ$69,0)) -> 0.34521878 | T32: =INDEX(Sheet1!$E$69:$AJ$150,MATCH($A32,Sheet1!$E$69:$E$150,0),MATCH(T$1,Sheet1!$E$69:$AJ$69,0)) -> 0 | V32: =INDEX(Sheet1!$E$69:$AJ$150,MATCH($A32,Sheet1!$E$69:$E$150,0),MATCH(V$1,Sheet1!$E$69:$AJ$69,0)) -> 0.90962638 | W32: =INDEX(Sheet1!$E$69:$AJ$150,MATCH($A32,Sheet1!$E$69:$E$150,0),MATCH(W$1,Sheet1!$E$69:$AJ$69,0)) -> 0.75996947 | X32: =INDEX(Sheet1!$E$69:$AJ$150,MATCH($A32,Sheet1!$E$69:$E$150,0),MATCH(X$1,Sheet1!$E$69:$AJ$69,0)) -> 0.29249242 | Y32: =INDEX(Sheet1!$E$69:$AJ$150,MATCH($A32,Sheet1!$E$69:$E$150,0),MATCH(Y$1,Sheet1!$E$69:$AJ$69,0)) -> 0
G40: Weight | H40: I+II:T1 | I40: I+II:T2 | J40: I+II:T3 | K40: III:T1 | L40: III:T2 | M40: III:T3 | N40: VI:T1 | O40: VI:T2 | P40: VI:T3
G41: =G15 -> 0.011093132 | H41: =G11 -> 8.1021073
G42: =L15 -> 0.0038420031 | H42: =L11 -> 6.76555
G43: =Q15 -> 0.0076669635 | H43: =Q11 -> 5.6252534
G44: =V15 -> 0.0085831678 | H44: =V11 -> 4.6523983
G45: =G22 -> -0.19969947 | I45: =G18 -> 1.4389674
G46: =L22 -> -0.23949312 | I46: =L18 -> 1.2832026
G47: =Q22 -> -0.36816087 | I47: =Q18 -> 1.1373857
G48: =V22 -> -0.41840764 | I48: =V18 -> 1.0008815
G49: =G29 -> 0.347806 | J49: =G25 -> 3.0852168
G50: =L29 -> 0.33318317 | J50: =L25 -> 3.3551411
G51: =Q29 -> 0.33753528 | J51: =Q25 -> 3.6429003
G52: =V29 -> 0.32622209 | J52: =V25 -> 3.9496728
G53: =H15 -> 0.033409369 | K53: =H11 -> 1.9625376
G54: =M15 -> 0.0083900572 | K54: =M11 -> 2.4974139
G55: =R15 -> 0.012123207 | K55: =R11 -> 3.1288603
G56: =W15 -> 0.0098218173 | K56: =W11 -> 3.8743123
G57: =H22 -> -0.13939837 | L57: =H18 -> 0.87750222
G58: =M22 -> -0.17301662 | L58: =M18 -> 0.77859333
G59: =R22 -> -0.30436253 | L59: =R18 -> 0.68489506
G60: =W22 -> -0.36475694 | L60: =W18 -> 0.59613292
G61: =H29 -> 0.38370158 | M61: =H26 -> 0.98674705
G62: =M29 -> 0.37091839 | M62: =M25 -> 2.1141252
G63: =R29 -> 0.38205601 | M63: =R25 -> 2.2768277
G64: =W29 -> 0.38372076 | M64: =W25 -> 2.4480309
G65: =I15 -> 0.068439278 | N65: =I11 -> 0.41806627
G66: =N15 -> 0.026068764 | N66: =N11 -> 0.097133916
G67: =S15 -> 0.056784796 | N67: =S11 -> -0.15116603
G68: =X15 -> 0.069496141 | N68: =X11 -> -0.34327149
G69: =I22 -> -0.091825028 | O69: =I18 -> 0.71444611
G70: =N22 -> -0.081598756 | O70: =N18 -> 0.49044924
G71: =S22 -> -0.17296552 | O71: =S18 -> 0.29571815
G72: =X22 -> -0.21697514 | O72: =X18 -> 0.12642918
G73: =I29 -> 0.41114877 | P73: =I25 -> 1.3898827
G74: =N29 -> 0.42225669 | P74: =N25 -> 1.1075321
G75: =S29 -> 0.47167513 | P75: =S25 -> 0.85853955
G76: =X29 -> 0.53802787 | P76: =X25 -> 0.63896403
